"Repeat","HumanID","Fold"
1,"HZSY_023",1
1,"JXSY_027",1
1,"JXSY_051",1
1,"JXSY_056",1
1,"LSRM_016",1
1,"PHYY_014",1
1,"PHYY_021",1
1,"PHYY_028",1
1,"PHYY_031",1
1,"SLTD_009",1
1,"TZEZ_002",1
1,"TZEZ_040",1
1,"TZEZ_050",1
1,"XARM_036",1
1,"ZDFE_031",1
1,"ZDFE_105",1
1,"ZDFE_130",1
1,"ZDFE_131",1
1,"ZDFE_136",1
1,"ZYCZ_018",1
1,"ZYCZ_020",1
1,"ZYCZ_027",1
1,"ZYCZ_039",1
1,"ZYQC_067",1
1,"ZYQC_068",1
1,"ZYQC_076",1
1,"ZYQC_081",1
1,"ZYQC_083",1
1,"ZYQC_084",1
1,"ZYQC_090",1
1,"ZYQC_095",1
1,"ZYQC_096",1
1,"ZYQC_102",1
1,"ZYQC_103",1
1,"ZYQC_115",1
1,"ZYQC_127",1
1,"ZYQC_134",1
1,"ZYQC_135",1
1,"ZYYH_048",1
1,"ZYYH_050",1
1,"ZYYH_057",1
1,"ZYYH_058",1
1,"ZYYH_060",1
1,"ZYYH_066",1
1,"ZYYH_069",1
1,"ZYYH_072",1
1,"ZZRM_109",1
1,"ZZRM_111",1
1,"HNSR_032",2
1,"HNSR_044",2
1,"HZSY_015",2
1,"JXSY_023",2
1,"JXSY_031",2
1,"JXSY_033",2
1,"JXSY_052",2
1,"LXZY_013",2
1,"LXZY_014",2
1,"LXZY_015",2
1,"PHYY_022",2
1,"PHYY_026",2
1,"SLTD_010",2
1,"SLTD_022",2
1,"TZEZ_018",2
1,"TZEZ_044",2
1,"TZEZ_057",2
1,"TZEZ_059",2
1,"ZDFE_128",2
1,"ZDFE_134",2
1,"ZDFE_135",2
1,"ZDFE_138",2
1,"ZYCZ_023",2
1,"ZYCZ_026",2
1,"ZYCZ_028",2
1,"ZYQC_045",2
1,"ZYQC_057",2
1,"ZYQC_058",2
1,"ZYQC_059",2
1,"ZYQC_073",2
1,"ZYQC_074",2
1,"ZYQC_075",2
1,"ZYQC_094",2
1,"ZYQC_105",2
1,"ZYQC_116",2
1,"ZYQC_118",2
1,"ZYQC_120",2
1,"ZYQC_123",2
1,"ZYQC_132",2
1,"ZYYH_047",2
1,"ZYYH_062",2
1,"ZYYH_070",2
1,"ZYYH_074",2
1,"ZZRM_093",2
1,"ZZRM_101",2
1,"ZZRM_103",2
1,"ZZRM_108",2
1,"HNSR_058",3
1,"HZSY_003",3
1,"HZSY_009",3
1,"HZSY_022",3
1,"JXSY_036",3
1,"LSRM_015",3
1,"PHYY_016",3
1,"PHYY_019",3
1,"PHYY_023",3
1,"SLTD_024",3
1,"TZEZ_022",3
1,"TZEZ_029",3
1,"TZEZ_031",3
1,"TZEZ_033",3
1,"TZEZ_041",3
1,"TZEZ_048",3
1,"TZEZ_051",3
1,"TZEZ_060",3
1,"WZZX_021",3
1,"ZDFE_101",3
1,"ZDFE_104",3
1,"ZDFE_106",3
1,"ZDFE_113",3
1,"ZDFE_133",3
1,"ZYCZ_030",3
1,"ZYCZ_038",3
1,"ZYQC_039",3
1,"ZYQC_047",3
1,"ZYQC_048",3
1,"ZYQC_049",3
1,"ZYQC_050",3
1,"ZYQC_055",3
1,"ZYQC_060",3
1,"ZYQC_071",3
1,"ZYQC_093",3
1,"ZYQC_106",3
1,"ZYQC_112",3
1,"ZYQC_121",3
1,"ZYQC_125",3
1,"ZYQC_128",3
1,"ZYYH_041",3
1,"ZYYH_051",3
1,"ZYYH_056",3
1,"ZYYH_077",3
1,"ZZRM_102",3
1,"ZZRM_104",3
1,"ZZRM_115",3
1,"HZSY_008",4
1,"HZSY_012",4
1,"HZSY_019",4
1,"JXSY_038",4
1,"JXSY_042",4
1,"JXSY_050",4
1,"LSRM_014",4
1,"SLTD_015",4
1,"TZEZ_024",4
1,"TZEZ_032",4
1,"TZEZ_045",4
1,"XARM_037",4
1,"ZDFE_102",4
1,"ZDFE_109",4
1,"ZDFE_117",4
1,"ZDFE_119",4
1,"ZDFE_124",4
1,"ZDFE_125",4
1,"ZDFE_127",4
1,"ZYCZ_025",4
1,"ZYCZ_032",4
1,"ZYCZ_034",4
1,"ZYCZ_035",4
1,"ZYQC_042",4
1,"ZYQC_051",4
1,"ZYQC_052",4
1,"ZYQC_056",4
1,"ZYQC_065",4
1,"ZYQC_072",4
1,"ZYQC_080",4
1,"ZYQC_085",4
1,"ZYQC_089",4
1,"ZYQC_098",4
1,"ZYQC_100",4
1,"ZYQC_101",4
1,"ZYQC_104",4
1,"ZYQC_108",4
1,"ZYQC_110",4
1,"ZYQC_113",4
1,"ZYQC_114",4
1,"ZYQC_122",4
1,"ZYQC_133",4
1,"ZYYH_055",4
1,"ZYYH_061",4
1,"ZYYH_071",4
1,"ZZRM_097",4
1,"ZZRM_105",4
1,"HZSY_004",5
1,"HZSY_005",5
1,"HZSY_017",5
1,"JXSY_039",5
1,"JXSY_041",5
1,"LSRM_011",5
1,"LXZY_011",5
1,"PHYY_029",5
1,"SLTD_012",5
1,"SLTD_017",5
1,"SLTD_019",5
1,"SLTD_020",5
1,"SLTD_021",5
1,"TZEZ_030",5
1,"TZEZ_036",5
1,"TZEZ_038",5
1,"TZEZ_043",5
1,"TZEZ_053",5
1,"TZEZ_055",5
1,"TZEZ_056",5
1,"TZEZ_061",5
1,"WZZX_020",5
1,"ZDFE_103",5
1,"ZDFE_114",5
1,"ZDFE_115",5
1,"ZDFE_118",5
1,"ZDFE_129",5
1,"ZDFE_137",5
1,"ZYCZ_019",5
1,"ZYCZ_029",5
1,"ZYCZ_033",5
1,"ZYCZ_036",5
1,"ZYQC_040",5
1,"ZYQC_053",5
1,"ZYQC_097",5
1,"ZYQC_109",5
1,"ZYQC_111",5
1,"ZYQC_119",5
1,"ZYQC_124",5
1,"ZYQC_126",5
1,"ZYQC_143",5
1,"ZYYH_049",5
1,"ZYYH_053",5
1,"ZYYH_063",5
1,"ZYYH_067",5
1,"ZZRM_089",5
1,"ZZRM_096",5
2,"HZSY_009",1
2,"HZSY_019",1
2,"LXZY_015",1
2,"PHYY_022",1
2,"PHYY_029",1
2,"SLTD_015",1
2,"SLTD_019",1
2,"SLTD_021",1
2,"SLTD_022",1
2,"TZEZ_002",1
2,"TZEZ_022",1
2,"TZEZ_031",1
2,"TZEZ_033",1
2,"TZEZ_036",1
2,"TZEZ_041",1
2,"TZEZ_044",1
2,"TZEZ_050",1
2,"TZEZ_055",1
2,"XARM_037",1
2,"ZDFE_101",1
2,"ZDFE_104",1
2,"ZDFE_105",1
2,"ZDFE_118",1
2,"ZDFE_125",1
2,"ZDFE_128",1
2,"ZDFE_130",1
2,"ZDFE_131",1
2,"ZDFE_136",1
2,"ZYCZ_032",1
2,"ZYCZ_033",1
2,"ZYCZ_035",1
2,"ZYQC_053",1
2,"ZYQC_095",1
2,"ZYQC_098",1
2,"ZYQC_100",1
2,"ZYQC_102",1
2,"ZYQC_103",1
2,"ZYQC_104",1
2,"ZYQC_116",1
2,"ZYQC_122",1
2,"ZYQC_128",1
2,"ZYYH_056",1
2,"ZYYH_061",1
2,"ZYYH_066",1
2,"ZYYH_071",1
2,"ZZRM_096",1
2,"ZZRM_101",1
2,"ZZRM_109",1
2,"HNSR_058",2
2,"HZSY_017",2
2,"HZSY_023",2
2,"JXSY_041",2
2,"JXSY_050",2
2,"LXZY_011",2
2,"TZEZ_029",2
2,"TZEZ_030",2
2,"TZEZ_038",2
2,"TZEZ_040",2
2,"TZEZ_061",2
2,"WZZX_021",2
2,"ZDFE_114",2
2,"ZDFE_115",2
2,"ZDFE_117",2
2,"ZDFE_127",2
2,"ZDFE_133",2
2,"ZDFE_138",2
2,"ZYCZ_020",2
2,"ZYCZ_030",2
2,"ZYCZ_034",2
2,"ZYQC_040",2
2,"ZYQC_042",2
2,"ZYQC_045",2
2,"ZYQC_050",2
2,"ZYQC_051",2
2,"ZYQC_076",2
2,"ZYQC_081",2
2,"ZYQC_089",2
2,"ZYQC_090",2
2,"ZYQC_105",2
2,"ZYQC_108",2
2,"ZYQC_120",2
2,"ZYQC_121",2
2,"ZYQC_123",2
2,"ZYQC_124",2
2,"ZYQC_133",2
2,"ZYQC_143",2
2,"ZYYH_055",2
2,"ZYYH_057",2
2,"ZYYH_058",2
2,"ZYYH_060",2
2,"ZYYH_062",2
2,"ZYYH_069",2
2,"ZYYH_074",2
2,"ZZRM_093",2
2,"ZZRM_102",2
2,"HNSR_032",3
2,"HZSY_004",3
2,"JXSY_027",3
2,"JXSY_033",3
2,"JXSY_038",3
2,"JXSY_056",3
2,"LSRM_014",3
2,"LXZY_013",3
2,"LXZY_014",3
2,"PHYY_019",3
2,"PHYY_021",3
2,"PHYY_031",3
2,"SLTD_010",3
2,"SLTD_024",3
2,"TZEZ_043",3
2,"TZEZ_048",3
2,"TZEZ_051",3
2,"TZEZ_053",3
2,"TZEZ_057",3
2,"TZEZ_059",3
2,"ZDFE_031",3
2,"ZDFE_109",3
2,"ZDFE_119",3
2,"ZDFE_134",3
2,"ZYCZ_028",3
2,"ZYCZ_036",3
2,"ZYQC_039",3
2,"ZYQC_047",3
2,"ZYQC_057",3
2,"ZYQC_071",3
2,"ZYQC_085",3
2,"ZYQC_096",3
2,"ZYQC_110",3
2,"ZYQC_112",3
2,"ZYQC_115",3
2,"ZYQC_118",3
2,"ZYQC_125",3
2,"ZYQC_127",3
2,"ZYQC_132",3
2,"ZYQC_135",3
2,"ZYYH_047",3
2,"ZYYH_048",3
2,"ZYYH_053",3
2,"ZYYH_072",3
2,"ZZRM_089",3
2,"ZZRM_104",3
2,"ZZRM_108",3
2,"HZSY_008",4
2,"HZSY_015",4
2,"HZSY_022",4
2,"JXSY_036",4
2,"JXSY_039",4
2,"JXSY_051",4
2,"LSRM_011",4
2,"LSRM_015",4
2,"LSRM_016",4
2,"PHYY_014",4
2,"PHYY_023",4
2,"PHYY_026",4
2,"SLTD_009",4
2,"TZEZ_032",4
2,"TZEZ_045",4
2,"ZDFE_102",4
2,"ZDFE_103",4
2,"ZDFE_106",4
2,"ZDFE_113",4
2,"ZYCZ_018",4
2,"ZYCZ_019",4
2,"ZYCZ_027",4
2,"ZYCZ_038",4
2,"ZYCZ_039",4
2,"ZYQC_048",4
2,"ZYQC_052",4
2,"ZYQC_056",4
2,"ZYQC_058",4
2,"ZYQC_060",4
2,"ZYQC_065",4
2,"ZYQC_067",4
2,"ZYQC_073",4
2,"ZYQC_084",4
2,"ZYQC_111",4
2,"ZYQC_113",4
2,"ZYQC_134",4
2,"ZYYH_041",4
2,"ZYYH_049",4
2,"ZYYH_050",4
2,"ZYYH_051",4
2,"ZYYH_063",4
2,"ZYYH_067",4
2,"ZYYH_070",4
2,"ZYYH_077",4
2,"ZZRM_103",4
2,"ZZRM_105",4
2,"ZZRM_111",4
2,"HNSR_044",5
2,"HZSY_003",5
2,"HZSY_005",5
2,"HZSY_012",5
2,"JXSY_023",5
2,"JXSY_031",5
2,"JXSY_042",5
2,"JXSY_052",5
2,"PHYY_016",5
2,"PHYY_028",5
2,"SLTD_012",5
2,"SLTD_017",5
2,"SLTD_020",5
2,"TZEZ_018",5
2,"TZEZ_024",5
2,"TZEZ_056",5
2,"TZEZ_060",5
2,"WZZX_020",5
2,"XARM_036",5
2,"ZDFE_124",5
2,"ZDFE_129",5
2,"ZDFE_135",5
2,"ZDFE_137",5
2,"ZYCZ_023",5
2,"ZYCZ_025",5
2,"ZYCZ_026",5
2,"ZYCZ_029",5
2,"ZYQC_049",5
2,"ZYQC_055",5
2,"ZYQC_059",5
2,"ZYQC_068",5
2,"ZYQC_072",5
2,"ZYQC_074",5
2,"ZYQC_075",5
2,"ZYQC_080",5
2,"ZYQC_083",5
2,"ZYQC_093",5
2,"ZYQC_094",5
2,"ZYQC_097",5
2,"ZYQC_101",5
2,"ZYQC_106",5
2,"ZYQC_109",5
2,"ZYQC_114",5
2,"ZYQC_119",5
2,"ZYQC_126",5
2,"ZZRM_097",5
2,"ZZRM_115",5
3,"HZSY_012",1
3,"HZSY_022",1
3,"HZSY_023",1
3,"LSRM_014",1
3,"PHYY_019",1
3,"SLTD_010",1
3,"SLTD_024",1
3,"TZEZ_018",1
3,"TZEZ_030",1
3,"TZEZ_033",1
3,"TZEZ_050",1
3,"TZEZ_055",1
3,"TZEZ_060",1
3,"WZZX_020",1
3,"XARM_036",1
3,"ZDFE_031",1
3,"ZDFE_118",1
3,"ZDFE_130",1
3,"ZDFE_131",1
3,"ZDFE_137",1
3,"ZYCZ_023",1
3,"ZYCZ_032",1
3,"ZYQC_042",1
3,"ZYQC_053",1
3,"ZYQC_056",1
3,"ZYQC_068",1
3,"ZYQC_073",1
3,"ZYQC_074",1
3,"ZYQC_075",1
3,"ZYQC_085",1
3,"ZYQC_090",1
3,"ZYQC_095",1
3,"ZYQC_096",1
3,"ZYQC_097",1
3,"ZYQC_098",1
3,"ZYQC_105",1
3,"ZYQC_121",1
3,"ZYQC_122",1
3,"ZYQC_126",1
3,"ZYQC_127",1
3,"ZYYH_047",1
3,"ZYYH_049",1
3,"ZYYH_050",1
3,"ZYYH_056",1
3,"ZYYH_057",1
3,"ZYYH_058",1
3,"ZYYH_062",1
3,"ZYYH_066",1
3,"HZSY_005",2
3,"HZSY_015",2
3,"JXSY_023",2
3,"JXSY_051",2
3,"LSRM_011",2
3,"LSRM_016",2
3,"PHYY_022",2
3,"PHYY_028",2
3,"PHYY_029",2
3,"PHYY_031",2
3,"SLTD_012",2
3,"SLTD_020",2
3,"SLTD_021",2
3,"TZEZ_038",2
3,"TZEZ_044",2
3,"TZEZ_061",2
3,"ZDFE_101",2
3,"ZDFE_104",2
3,"ZDFE_114",2
3,"ZDFE_115",2
3,"ZDFE_125",2
3,"ZDFE_133",2
3,"ZDFE_134",2
3,"ZYCZ_020",2
3,"ZYCZ_028",2
3,"ZYCZ_029",2
3,"ZYCZ_034",2
3,"ZYQC_040",2
3,"ZYQC_049",2
3,"ZYQC_052",2
3,"ZYQC_058",2
3,"ZYQC_089",2
3,"ZYQC_093",2
3,"ZYQC_094",2
3,"ZYQC_100",2
3,"ZYQC_103",2
3,"ZYQC_106",2
3,"ZYQC_113",2
3,"ZYQC_115",2
3,"ZYQC_133",2
3,"ZYYH_053",2
3,"ZYYH_060",2
3,"ZYYH_061",2
3,"ZYYH_063",2
3,"ZYYH_069",2
3,"ZZRM_093",2
3,"ZZRM_101",2
3,"HNSR_058",3
3,"HZSY_003",3
3,"HZSY_004",3
3,"HZSY_008",3
3,"HZSY_017",3
3,"HZSY_019",3
3,"JXSY_027",3
3,"JXSY_033",3
3,"JXSY_050",3
3,"LSRM_015",3
3,"LXZY_013",3
3,"LXZY_014",3
3,"LXZY_015",3
3,"SLTD_022",3
3,"TZEZ_002",3
3,"TZEZ_024",3
3,"TZEZ_031",3
3,"TZEZ_040",3
3,"TZEZ_053",3
3,"TZEZ_057",3
3,"ZDFE_102",3
3,"ZDFE_105",3
3,"ZDFE_128",3
3,"ZDFE_135",3
3,"ZYCZ_019",3
3,"ZYCZ_036",3
3,"ZYCZ_039",3
3,"ZYQC_057",3
3,"ZYQC_059",3
3,"ZYQC_060",3
3,"ZYQC_071",3
3,"ZYQC_072",3
3,"ZYQC_102",3
3,"ZYQC_110",3
3,"ZYQC_114",3
3,"ZYQC_119",3
3,"ZYQC_123",3
3,"ZYQC_135",3
3,"ZYYH_041",3
3,"ZYYH_051",3
3,"ZYYH_067",3
3,"ZYYH_071",3
3,"ZYYH_077",3
3,"ZZRM_104",3
3,"ZZRM_108",3
3,"ZZRM_109",3
3,"ZZRM_111",3
3,"HNSR_044",4
3,"HZSY_009",4
3,"JXSY_031",4
3,"JXSY_036",4
3,"JXSY_041",4
3,"JXSY_052",4
3,"LXZY_011",4
3,"PHYY_016",4
3,"PHYY_021",4
3,"PHYY_023",4
3,"PHYY_026",4
3,"SLTD_009",4
3,"SLTD_015",4
3,"SLTD_017",4
3,"TZEZ_022",4
3,"TZEZ_029",4
3,"TZEZ_036",4
3,"TZEZ_045",4
3,"XARM_037",4
3,"ZDFE_103",4
3,"ZDFE_113",4
3,"ZDFE_117",4
3,"ZDFE_119",4
3,"ZDFE_136",4
3,"ZYCZ_026",4
3,"ZYCZ_027",4
3,"ZYCZ_030",4
3,"ZYQC_039",4
3,"ZYQC_045",4
3,"ZYQC_050",4
3,"ZYQC_055",4
3,"ZYQC_065",4
3,"ZYQC_067",4
3,"ZYQC_104",4
3,"ZYQC_116",4
3,"ZYQC_118",4
3,"ZYQC_125",4
3,"ZYQC_134",4
3,"ZYYH_048",4
3,"ZYYH_055",4
3,"ZYYH_072",4
3,"ZYYH_074",4
3,"ZZRM_089",4
3,"ZZRM_096",4
3,"ZZRM_102",4
3,"ZZRM_103",4
3,"ZZRM_105",4
3,"HNSR_032",5
3,"JXSY_038",5
3,"JXSY_039",5
3,"JXSY_042",5
3,"JXSY_056",5
3,"PHYY_014",5
3,"SLTD_019",5
3,"TZEZ_032",5
3,"TZEZ_041",5
3,"TZEZ_043",5
3,"TZEZ_048",5
3,"TZEZ_051",5
3,"TZEZ_056",5
3,"TZEZ_059",5
3,"WZZX_021",5
3,"ZDFE_106",5
3,"ZDFE_109",5
3,"ZDFE_124",5
3,"ZDFE_127",5
3,"ZDFE_129",5
3,"ZDFE_138",5
3,"ZYCZ_018",5
3,"ZYCZ_025",5
3,"ZYCZ_033",5
3,"ZYCZ_035",5
3,"ZYCZ_038",5
3,"ZYQC_047",5
3,"ZYQC_048",5
3,"ZYQC_051",5
3,"ZYQC_076",5
3,"ZYQC_080",5
3,"ZYQC_081",5
3,"ZYQC_083",5
3,"ZYQC_084",5
3,"ZYQC_101",5
3,"ZYQC_108",5
3,"ZYQC_109",5
3,"ZYQC_111",5
3,"ZYQC_112",5
3,"ZYQC_120",5
3,"ZYQC_124",5
3,"ZYQC_128",5
3,"ZYQC_132",5
3,"ZYQC_143",5
3,"ZYYH_070",5
3,"ZZRM_097",5
3,"ZZRM_115",5
4,"HZSY_009",1
4,"JXSY_031",1
4,"JXSY_039",1
4,"JXSY_050",1
4,"JXSY_051",1
4,"LXZY_011",1
4,"PHYY_016",1
4,"PHYY_019",1
4,"PHYY_026",1
4,"SLTD_010",1
4,"SLTD_012",1
4,"SLTD_024",1
4,"TZEZ_024",1
4,"TZEZ_030",1
4,"TZEZ_031",1
4,"WZZX_020",1
4,"ZDFE_101",1
4,"ZDFE_115",1
4,"ZDFE_117",1
4,"ZDFE_118",1
4,"ZDFE_119",1
4,"ZDFE_129",1
4,"ZDFE_130",1
4,"ZDFE_138",1
4,"ZYCZ_026",1
4,"ZYCZ_027",1
4,"ZYCZ_028",1
4,"ZYCZ_034",1
4,"ZYQC_071",1
4,"ZYQC_073",1
4,"ZYQC_103",1
4,"ZYQC_104",1
4,"ZYQC_119",1
4,"ZYQC_123",1
4,"ZYQC_127",1
4,"ZYQC_132",1
4,"ZYQC_143",1
4,"ZYYH_048",1
4,"ZYYH_049",1
4,"ZYYH_050",1
4,"ZYYH_051",1
4,"ZYYH_060",1
4,"ZYYH_066",1
4,"ZYYH_072",1
4,"ZYYH_077",1
4,"ZZRM_093",1
4,"ZZRM_103",1
4,"ZZRM_111",1
4,"HZSY_019",2
4,"HZSY_022",2
4,"JXSY_023",2
4,"JXSY_033",2
4,"JXSY_052",2
4,"JXSY_056",2
4,"LSRM_016",2
4,"PHYY_021",2
4,"PHYY_028",2
4,"SLTD_017",2
4,"SLTD_020",2
4,"TZEZ_018",2
4,"TZEZ_038",2
4,"TZEZ_041",2
4,"TZEZ_043",2
4,"TZEZ_050",2
4,"TZEZ_060",2
4,"XARM_036",2
4,"XARM_037",2
4,"ZDFE_031",2
4,"ZDFE_103",2
4,"ZDFE_105",2
4,"ZDFE_109",2
4,"ZDFE_125",2
4,"ZDFE_133",2
4,"ZYCZ_018",2
4,"ZYCZ_019",2
4,"ZYCZ_023",2
4,"ZYCZ_032",2
4,"ZYQC_045",2
4,"ZYQC_048",2
4,"ZYQC_052",2
4,"ZYQC_053",2
4,"ZYQC_056",2
4,"ZYQC_067",2
4,"ZYQC_072",2
4,"ZYQC_081",2
4,"ZYQC_102",2
4,"ZYQC_106",2
4,"ZYQC_111",2
4,"ZYQC_112",2
4,"ZYQC_133",2
4,"ZYQC_135",2
4,"ZYYH_057",2
4,"ZYYH_058",2
4,"ZYYH_062",2
4,"ZZRM_108",2
4,"HNSR_032",3
4,"HNSR_044",3
4,"HNSR_058",3
4,"HZSY_003",3
4,"HZSY_012",3
4,"HZSY_015",3
4,"HZSY_023",3
4,"JXSY_027",3
4,"JXSY_041",3
4,"LSRM_011",3
4,"LSRM_014",3
4,"LXZY_013",3
4,"PHYY_029",3
4,"PHYY_031",3
4,"SLTD_021",3
4,"TZEZ_022",3
4,"TZEZ_032",3
4,"TZEZ_040",3
4,"TZEZ_048",3
4,"TZEZ_053",3
4,"TZEZ_059",3
4,"TZEZ_061",3
4,"WZZX_021",3
4,"ZDFE_104",3
4,"ZDFE_106",3
4,"ZDFE_124",3
4,"ZYCZ_020",3
4,"ZYCZ_025",3
4,"ZYQC_039",3
4,"ZYQC_057",3
4,"ZYQC_058",3
4,"ZYQC_065",3
4,"ZYQC_080",3
4,"ZYQC_093",3
4,"ZYQC_095",3
4,"ZYQC_101",3
4,"ZYQC_109",3
4,"ZYQC_115",3
4,"ZYQC_118",3
4,"ZYQC_125",3
4,"ZYQC_128",3
4,"ZYYH_041",3
4,"ZZRM_089",3
4,"ZZRM_096",3
4,"ZZRM_097",3
4,"ZZRM_101",3
4,"ZZRM_104",3
4,"HZSY_004",4
4,"HZSY_005",4
4,"JXSY_036",4
4,"JXSY_038",4
4,"JXSY_042",4
4,"LXZY_014",4
4,"LXZY_015",4
4,"PHYY_022",4
4,"PHYY_023",4
4,"SLTD_009",4
4,"SLTD_015",4
4,"SLTD_019",4
4,"SLTD_022",4
4,"TZEZ_029",4
4,"TZEZ_051",4
4,"TZEZ_055",4
4,"TZEZ_056",4
4,"ZDFE_113",4
4,"ZDFE_131",4
4,"ZDFE_134",4
4,"ZYCZ_038",4
4,"ZYQC_042",4
4,"ZYQC_050",4
4,"ZYQC_051",4
4,"ZYQC_055",4
4,"ZYQC_068",4
4,"ZYQC_076",4
4,"ZYQC_083",4
4,"ZYQC_084",4
4,"ZYQC_085",4
4,"ZYQC_094",4
4,"ZYQC_096",4
4,"ZYQC_098",4
4,"ZYQC_100",4
4,"ZYQC_105",4
4,"ZYQC_108",4
4,"ZYQC_110",4
4,"ZYQC_120",4
4,"ZYQC_124",4
4,"ZYYH_053",4
4,"ZYYH_063",4
4,"ZYYH_069",4
4,"ZYYH_070",4
4,"ZYYH_071",4
4,"ZZRM_105",4
4,"ZZRM_109",4
4,"ZZRM_115",4
4,"HZSY_008",5
4,"HZSY_017",5
4,"LSRM_015",5
4,"PHYY_014",5
4,"TZEZ_002",5
4,"TZEZ_033",5
4,"TZEZ_036",5
4,"TZEZ_044",5
4,"TZEZ_045",5
4,"TZEZ_057",5
4,"ZDFE_102",5
4,"ZDFE_114",5
4,"ZDFE_127",5
4,"ZDFE_128",5
4,"ZDFE_135",5
4,"ZDFE_136",5
4,"ZDFE_137",5
4,"ZYCZ_029",5
4,"ZYCZ_030",5
4,"ZYCZ_033",5
4,"ZYCZ_035",5
4,"ZYCZ_036",5
4,"ZYCZ_039",5
4,"ZYQC_040",5
4,"ZYQC_047",5
4,"ZYQC_049",5
4,"ZYQC_059",5
4,"ZYQC_060",5
4,"ZYQC_074",5
4,"ZYQC_075",5
4,"ZYQC_089",5
4,"ZYQC_090",5
4,"ZYQC_097",5
4,"ZYQC_113",5
4,"ZYQC_114",5
4,"ZYQC_116",5
4,"ZYQC_121",5
4,"ZYQC_122",5
4,"ZYQC_126",5
4,"ZYQC_134",5
4,"ZYYH_047",5
4,"ZYYH_055",5
4,"ZYYH_056",5
4,"ZYYH_061",5
4,"ZYYH_067",5
4,"ZYYH_074",5
4,"ZZRM_102",5
5,"HZSY_003",1
5,"HZSY_019",1
5,"JXSY_041",1
5,"LSRM_014",1
5,"LXZY_015",1
5,"PHYY_022",1
5,"PHYY_031",1
5,"SLTD_009",1
5,"SLTD_012",1
5,"TZEZ_002",1
5,"TZEZ_018",1
5,"TZEZ_030",1
5,"TZEZ_043",1
5,"TZEZ_044",1
5,"TZEZ_055",1
5,"XARM_037",1
5,"ZDFE_102",1
5,"ZDFE_109",1
5,"ZDFE_118",1
5,"ZDFE_124",1
5,"ZYCZ_018",1
5,"ZYCZ_027",1
5,"ZYCZ_030",1
5,"ZYQC_048",1
5,"ZYQC_056",1
5,"ZYQC_060",1
5,"ZYQC_075",1
5,"ZYQC_076",1
5,"ZYQC_081",1
5,"ZYQC_084",1
5,"ZYQC_089",1
5,"ZYQC_090",1
5,"ZYQC_098",1
5,"ZYQC_100",1
5,"ZYQC_101",1
5,"ZYQC_103",1
5,"ZYQC_105",1
5,"ZYQC_110",1
5,"ZYQC_128",1
5,"ZYQC_134",1
5,"ZYYH_048",1
5,"ZYYH_058",1
5,"ZYYH_063",1
5,"ZYYH_071",1
5,"ZZRM_093",1
5,"ZZRM_096",1
5,"ZZRM_109",1
5,"ZZRM_111",1
5,"HZSY_004",2
5,"HZSY_005",2
5,"HZSY_009",2
5,"HZSY_015",2
5,"HZSY_017",2
5,"JXSY_027",2
5,"JXSY_050",2
5,"PHYY_014",2
5,"PHYY_016",2
5,"PHYY_021",2
5,"PHYY_023",2
5,"SLTD_010",2
5,"SLTD_015",2
5,"SLTD_017",2
5,"SLTD_022",2
5,"TZEZ_024",2
5,"TZEZ_036",2
5,"TZEZ_040",2
5,"TZEZ_041",2
5,"TZEZ_048",2
5,"TZEZ_051",2
5,"TZEZ_056",2
5,"WZZX_020",2
5,"ZDFE_134",2
5,"ZDFE_137",2
5,"ZDFE_138",2
5,"ZYCZ_025",2
5,"ZYCZ_028",2
5,"ZYCZ_033",2
5,"ZYQC_049",2
5,"ZYQC_052",2
5,"ZYQC_057",2
5,"ZYQC_059",2
5,"ZYQC_071",2
5,"ZYQC_074",2
5,"ZYQC_104",2
5,"ZYQC_115",2
5,"ZYQC_121",2
5,"ZYQC_124",2
5,"ZYQC_125",2
5,"ZYQC_133",2
5,"ZYQC_135",2
5,"ZYYH_047",2
5,"ZYYH_051",2
5,"ZYYH_057",2
5,"ZYYH_061",2
5,"ZYYH_074",2
5,"HNSR_032",3
5,"HNSR_058",3
5,"JXSY_031",3
5,"LXZY_011",3
5,"PHYY_028",3
5,"SLTD_021",3
5,"SLTD_024",3
5,"TZEZ_022",3
5,"TZEZ_029",3
5,"TZEZ_031",3
5,"TZEZ_032",3
5,"TZEZ_038",3
5,"TZEZ_045",3
5,"TZEZ_050",3
5,"TZEZ_057",3
5,"WZZX_021",3
5,"ZDFE_031",3
5,"ZDFE_105",3
5,"ZDFE_119",3
5,"ZDFE_127",3
5,"ZDFE_131",3
5,"ZDFE_133",3
5,"ZYCZ_019",3
5,"ZYCZ_026",3
5,"ZYCZ_029",3
5,"ZYCZ_039",3
5,"ZYQC_045",3
5,"ZYQC_047",3
5,"ZYQC_051",3
5,"ZYQC_058",3
5,"ZYQC_085",3
5,"ZYQC_094",3
5,"ZYQC_097",3
5,"ZYQC_109",3
5,"ZYQC_112",3
5,"ZYQC_118",3
5,"ZYQC_119",3
5,"ZYQC_122",3
5,"ZYYH_053",3
5,"ZYYH_060",3
5,"ZYYH_066",3
5,"ZZRM_089",3
5,"ZZRM_101",3
5,"ZZRM_102",3
5,"ZZRM_104",3
5,"ZZRM_105",3
5,"ZZRM_108",3
5,"HNSR_044",4
5,"HZSY_008",4
5,"HZSY_012",4
5,"JXSY_023",4
5,"JXSY_039",4
5,"JXSY_051",4
5,"LSRM_016",4
5,"LXZY_013",4
5,"PHYY_019",4
5,"SLTD_019",4
5,"TZEZ_033",4
5,"TZEZ_053",4
5,"TZEZ_059",4
5,"TZEZ_060",4
5,"ZDFE_101",4
5,"ZDFE_104",4
5,"ZDFE_115",4
5,"ZDFE_117",4
5,"ZDFE_130",4
5,"ZDFE_135",4
5,"ZDFE_136",4
5,"ZYCZ_023",4
5,"ZYCZ_032",4
5,"ZYCZ_035",4
5,"ZYCZ_038",4
5,"ZYQC_055",4
5,"ZYQC_065",4
5,"ZYQC_068",4
5,"ZYQC_096",4
5,"ZYQC_102",4
5,"ZYQC_106",4
5,"ZYQC_108",4
5,"ZYQC_111",4
5,"ZYQC_113",4
5,"ZYQC_114",4
5,"ZYQC_116",4
5,"ZYQC_126",4
5,"ZYQC_143",4
5,"ZYYH_041",4
5,"ZYYH_050",4
5,"ZYYH_055",4
5,"ZYYH_067",4
5,"ZYYH_069",4
5,"ZYYH_070",4
5,"ZYYH_077",4
5,"ZZRM_097",4
5,"ZZRM_103",4
5,"HZSY_022",5
5,"HZSY_023",5
5,"JXSY_033",5
5,"JXSY_036",5
5,"JXSY_038",5
5,"JXSY_042",5
5,"JXSY_052",5
5,"JXSY_056",5
5,"LSRM_011",5
5,"LSRM_015",5
5,"LXZY_014",5
5,"PHYY_026",5
5,"PHYY_029",5
5,"SLTD_020",5
5,"TZEZ_061",5
5,"XARM_036",5
5,"ZDFE_103",5
5,"ZDFE_106",5
5,"ZDFE_113",5
5,"ZDFE_114",5
5,"ZDFE_125",5
5,"ZDFE_128",5
5,"ZDFE_129",5
5,"ZYCZ_020",5
5,"ZYCZ_034",5
5,"ZYCZ_036",5
5,"ZYQC_039",5
5,"ZYQC_040",5
5,"ZYQC_042",5
5,"ZYQC_050",5
5,"ZYQC_053",5
5,"ZYQC_067",5
5,"ZYQC_072",5
5,"ZYQC_073",5
5,"ZYQC_080",5
5,"ZYQC_083",5
5,"ZYQC_093",5
5,"ZYQC_095",5
5,"ZYQC_120",5
5,"ZYQC_123",5
5,"ZYQC_127",5
5,"ZYQC_132",5
5,"ZYYH_049",5
5,"ZYYH_056",5
5,"ZYYH_062",5
5,"ZYYH_072",5
5,"ZZRM_115",5
6,"HZSY_012",1
6,"HZSY_022",1
6,"JXSY_027",1
6,"JXSY_036",1
6,"LSRM_011",1
6,"PHYY_016",1
6,"PHYY_021",1
6,"PHYY_023",1
6,"SLTD_009",1
6,"SLTD_010",1
6,"SLTD_012",1
6,"SLTD_017",1
6,"SLTD_020",1
6,"TZEZ_029",1
6,"TZEZ_044",1
6,"XARM_036",1
6,"ZDFE_102",1
6,"ZDFE_103",1
6,"ZDFE_105",1
6,"ZDFE_125",1
6,"ZDFE_131",1
6,"ZDFE_134",1
6,"ZYCZ_028",1
6,"ZYCZ_035",1
6,"ZYCZ_036",1
6,"ZYCZ_038",1
6,"ZYQC_047",1
6,"ZYQC_048",1
6,"ZYQC_049",1
6,"ZYQC_051",1
6,"ZYQC_055",1
6,"ZYQC_074",1
6,"ZYQC_097",1
6,"ZYQC_108",1
6,"ZYQC_110",1
6,"ZYQC_112",1
6,"ZYQC_116",1
6,"ZYQC_118",1
6,"ZYQC_119",1
6,"ZYQC_123",1
6,"ZYYH_047",1
6,"ZYYH_066",1
6,"ZYYH_067",1
6,"ZYYH_070",1
6,"ZYYH_071",1
6,"ZZRM_093",1
6,"ZZRM_097",1
6,"ZZRM_111",1
6,"HZSY_008",2
6,"JXSY_038",2
6,"JXSY_039",2
6,"JXSY_042",2
6,"PHYY_026",2
6,"SLTD_021",2
6,"TZEZ_002",2
6,"TZEZ_018",2
6,"TZEZ_024",2
6,"TZEZ_030",2
6,"TZEZ_050",2
6,"TZEZ_059",2
6,"TZEZ_061",2
6,"ZDFE_115",2
6,"ZDFE_118",2
6,"ZDFE_119",2
6,"ZDFE_127",2
6,"ZDFE_135",2
6,"ZDFE_136",2
6,"ZYCZ_020",2
6,"ZYCZ_034",2
6,"ZYQC_039",2
6,"ZYQC_040",2
6,"ZYQC_056",2
6,"ZYQC_060",2
6,"ZYQC_068",2
6,"ZYQC_072",2
6,"ZYQC_081",2
6,"ZYQC_089",2
6,"ZYQC_095",2
6,"ZYQC_098",2
6,"ZYQC_115",2
6,"ZYQC_121",2
6,"ZYQC_122",2
6,"ZYQC_125",2
6,"ZYQC_132",2
6,"ZYQC_133",2
6,"ZYQC_135",2
6,"ZYYH_049",2
6,"ZYYH_051",2
6,"ZYYH_056",2
6,"ZYYH_060",2
6,"ZYYH_074",2
6,"ZZRM_089",2
6,"ZZRM_105",2
6,"ZZRM_108",2
6,"ZZRM_115",2
6,"HNSR_044",3
6,"HZSY_003",3
6,"HZSY_019",3
6,"JXSY_031",3
6,"JXSY_033",3
6,"LSRM_014",3
6,"PHYY_028",3
6,"PHYY_031",3
6,"SLTD_015",3
6,"SLTD_019",3
6,"TZEZ_033",3
6,"TZEZ_038",3
6,"TZEZ_040",3
6,"TZEZ_041",3
6,"TZEZ_048",3
6,"TZEZ_051",3
6,"TZEZ_055",3
6,"WZZX_020",3
6,"WZZX_021",3
6,"ZDFE_109",3
6,"ZDFE_124",3
6,"ZDFE_128",3
6,"ZDFE_129",3
6,"ZDFE_137",3
6,"ZYCZ_018",3
6,"ZYCZ_019",3
6,"ZYCZ_027",3
6,"ZYCZ_029",3
6,"ZYCZ_033",3
6,"ZYQC_042",3
6,"ZYQC_052",3
6,"ZYQC_057",3
6,"ZYQC_065",3
6,"ZYQC_073",3
6,"ZYQC_075",3
6,"ZYQC_090",3
6,"ZYQC_101",3
6,"ZYQC_104",3
6,"ZYQC_105",3
6,"ZYQC_109",3
6,"ZYQC_124",3
6,"ZYQC_134",3
6,"ZYYH_050",3
6,"ZYYH_063",3
6,"ZZRM_096",3
6,"ZZRM_103",3
6,"ZZRM_104",3
6,"HNSR_032",4
6,"HNSR_058",4
6,"HZSY_004",4
6,"HZSY_005",4
6,"HZSY_015",4
6,"JXSY_041",4
6,"JXSY_050",4
6,"JXSY_051",4
6,"JXSY_052",4
6,"JXSY_056",4
6,"LSRM_016",4
6,"LXZY_011",4
6,"LXZY_014",4
6,"LXZY_015",4
6,"PHYY_014",4
6,"SLTD_024",4
6,"TZEZ_022",4
6,"TZEZ_032",4
6,"TZEZ_045",4
6,"TZEZ_056",4
6,"TZEZ_060",4
6,"XARM_037",4
6,"ZDFE_031",4
6,"ZDFE_101",4
6,"ZDFE_114",4
6,"ZDFE_130",4
6,"ZYCZ_039",4
6,"ZYQC_045",4
6,"ZYQC_053",4
6,"ZYQC_058",4
6,"ZYQC_076",4
6,"ZYQC_080",4
6,"ZYQC_084",4
6,"ZYQC_093",4
6,"ZYQC_094",4
6,"ZYQC_100",4
6,"ZYQC_106",4
6,"ZYQC_113",4
6,"ZYQC_114",4
6,"ZYQC_126",4
6,"ZYYH_041",4
6,"ZYYH_048",4
6,"ZYYH_061",4
6,"ZYYH_062",4
6,"ZYYH_069",4
6,"ZYYH_077",4
6,"ZZRM_102",4
6,"HZSY_009",5
6,"HZSY_017",5
6,"HZSY_023",5
6,"JXSY_023",5
6,"LSRM_015",5
6,"LXZY_013",5
6,"PHYY_019",5
6,"PHYY_022",5
6,"PHYY_029",5
6,"SLTD_022",5
6,"TZEZ_031",5
6,"TZEZ_036",5
6,"TZEZ_043",5
6,"TZEZ_053",5
6,"TZEZ_057",5
6,"ZDFE_104",5
6,"ZDFE_106",5
6,"ZDFE_113",5
6,"ZDFE_117",5
6,"ZDFE_133",5
6,"ZDFE_138",5
6,"ZYCZ_023",5
6,"ZYCZ_025",5
6,"ZYCZ_026",5
6,"ZYCZ_030",5
6,"ZYCZ_032",5
6,"ZYQC_050",5
6,"ZYQC_059",5
6,"ZYQC_067",5
6,"ZYQC_071",5
6,"ZYQC_083",5
6,"ZYQC_085",5
6,"ZYQC_096",5
6,"ZYQC_102",5
6,"ZYQC_103",5
6,"ZYQC_111",5
6,"ZYQC_120",5
6,"ZYQC_127",5
6,"ZYQC_128",5
6,"ZYQC_143",5
6,"ZYYH_053",5
6,"ZYYH_055",5
6,"ZYYH_057",5
6,"ZYYH_058",5
6,"ZYYH_072",5
6,"ZZRM_101",5
6,"ZZRM_109",5
7,"HNSR_032",1
7,"HZSY_003",1
7,"HZSY_023",1
7,"JXSY_023",1
7,"JXSY_042",1
7,"PHYY_014",1
7,"PHYY_031",1
7,"SLTD_010",1
7,"TZEZ_002",1
7,"TZEZ_022",1
7,"TZEZ_032",1
7,"TZEZ_056",1
7,"TZEZ_059",1
7,"WZZX_021",1
7,"ZDFE_101",1
7,"ZDFE_105",1
7,"ZDFE_106",1
7,"ZDFE_124",1
7,"ZDFE_128",1
7,"ZDFE_129",1
7,"ZYCZ_018",1
7,"ZYCZ_020",1
7,"ZYCZ_023",1
7,"ZYCZ_026",1
7,"ZYCZ_030",1
7,"ZYQC_056",1
7,"ZYQC_060",1
7,"ZYQC_068",1
7,"ZYQC_083",1
7,"ZYQC_085",1
7,"ZYQC_094",1
7,"ZYQC_100",1
7,"ZYQC_101",1
7,"ZYQC_105",1
7,"ZYQC_106",1
7,"ZYQC_111",1
7,"ZYQC_115",1
7,"ZYQC_116",1
7,"ZYQC_127",1
7,"ZYQC_135",1
7,"ZYYH_041",1
7,"ZYYH_047",1
7,"ZYYH_051",1
7,"ZYYH_057",1
7,"ZYYH_070",1
7,"ZYYH_071",1
7,"ZZRM_097",1
7,"ZZRM_115",1
7,"HZSY_008",2
7,"HZSY_009",2
7,"HZSY_022",2
7,"JXSY_027",2
7,"JXSY_033",2
7,"JXSY_036",2
7,"LSRM_015",2
7,"LXZY_015",2
7,"PHYY_019",2
7,"PHYY_022",2
7,"PHYY_026",2
7,"PHYY_029",2
7,"SLTD_012",2
7,"SLTD_019",2
7,"TZEZ_024",2
7,"TZEZ_043",2
7,"TZEZ_044",2
7,"TZEZ_050",2
7,"TZEZ_060",2
7,"ZDFE_109",2
7,"ZDFE_115",2
7,"ZDFE_130",2
7,"ZDFE_133",2
7,"ZDFE_134",2
7,"ZYCZ_029",2
7,"ZYCZ_032",2
7,"ZYQC_042",2
7,"ZYQC_047",2
7,"ZYQC_055",2
7,"ZYQC_065",2
7,"ZYQC_067",2
7,"ZYQC_073",2
7,"ZYQC_089",2
7,"ZYQC_098",2
7,"ZYQC_102",2
7,"ZYQC_103",2
7,"ZYQC_109",2
7,"ZYQC_118",2
7,"ZYQC_125",2
7,"ZYQC_128",2
7,"ZYYH_055",2
7,"ZYYH_062",2
7,"ZYYH_063",2
7,"ZZRM_093",2
7,"ZZRM_096",2
7,"ZZRM_104",2
7,"ZZRM_105",2
7,"HZSY_017",3
7,"HZSY_019",3
7,"JXSY_039",3
7,"JXSY_050",3
7,"JXSY_052",3
7,"PHYY_016",3
7,"PHYY_021",3
7,"PHYY_023",3
7,"SLTD_009",3
7,"SLTD_017",3
7,"SLTD_022",3
7,"TZEZ_029",3
7,"TZEZ_033",3
7,"TZEZ_036",3
7,"TZEZ_045",3
7,"ZDFE_031",3
7,"ZDFE_113",3
7,"ZDFE_119",3
7,"ZDFE_131",3
7,"ZDFE_135",3
7,"ZDFE_137",3
7,"ZYCZ_019",3
7,"ZYCZ_027",3
7,"ZYCZ_028",3
7,"ZYCZ_036",3
7,"ZYCZ_038",3
7,"ZYQC_045",3
7,"ZYQC_048",3
7,"ZYQC_051",3
7,"ZYQC_052",3
7,"ZYQC_058",3
7,"ZYQC_071",3
7,"ZYQC_072",3
7,"ZYQC_074",3
7,"ZYQC_080",3
7,"ZYQC_084",3
7,"ZYQC_090",3
7,"ZYQC_093",3
7,"ZYQC_095",3
7,"ZYQC_097",3
7,"ZYQC_110",3
7,"ZYQC_120",3
7,"ZYQC_124",3
7,"ZYYH_066",3
7,"ZYYH_077",3
7,"ZZRM_108",3
7,"ZZRM_111",3
7,"HNSR_044",4
7,"HZSY_012",4
7,"HZSY_015",4
7,"JXSY_038",4
7,"JXSY_056",4
7,"LSRM_016",4
7,"LXZY_014",4
7,"SLTD_021",4
7,"SLTD_024",4
7,"TZEZ_038",4
7,"TZEZ_040",4
7,"TZEZ_053",4
7,"TZEZ_055",4
7,"TZEZ_057",4
7,"TZEZ_061",4
7,"WZZX_020",4
7,"XARM_036",4
7,"XARM_037",4
7,"ZDFE_103",4
7,"ZDFE_118",4
7,"ZDFE_125",4
7,"ZDFE_127",4
7,"ZDFE_136",4
7,"ZDFE_138",4
7,"ZYCZ_033",4
7,"ZYCZ_034",4
7,"ZYCZ_039",4
7,"ZYQC_039",4
7,"ZYQC_040",4
7,"ZYQC_049",4
7,"ZYQC_050",4
7,"ZYQC_053",4
7,"ZYQC_075",4
7,"ZYQC_096",4
7,"ZYQC_104",4
7,"ZYQC_119",4
7,"ZYQC_121",4
7,"ZYQC_126",4
7,"ZYQC_132",4
7,"ZYYH_049",4
7,"ZYYH_050",4
7,"ZYYH_056",4
7,"ZYYH_060",4
7,"ZYYH_072",4
7,"ZYYH_074",4
7,"ZZRM_089",4
7,"ZZRM_101",4
7,"HNSR_058",5
7,"HZSY_004",5
7,"HZSY_005",5
7,"JXSY_031",5
7,"JXSY_041",5
7,"JXSY_051",5
7,"LSRM_011",5
7,"LSRM_014",5
7,"LXZY_011",5
7,"LXZY_013",5
7,"PHYY_028",5
7,"SLTD_015",5
7,"SLTD_020",5
7,"TZEZ_018",5
7,"TZEZ_030",5
7,"TZEZ_031",5
7,"TZEZ_041",5
7,"TZEZ_048",5
7,"TZEZ_051",5
7,"ZDFE_102",5
7,"ZDFE_104",5
7,"ZDFE_114",5
7,"ZDFE_117",5
7,"ZYCZ_025",5
7,"ZYCZ_035",5
7,"ZYQC_057",5
7,"ZYQC_059",5
7,"ZYQC_076",5
7,"ZYQC_081",5
7,"ZYQC_108",5
7,"ZYQC_112",5
7,"ZYQC_113",5
7,"ZYQC_114",5
7,"ZYQC_122",5
7,"ZYQC_123",5
7,"ZYQC_133",5
7,"ZYQC_134",5
7,"ZYQC_143",5
7,"ZYYH_048",5
7,"ZYYH_053",5
7,"ZYYH_058",5
7,"ZYYH_061",5
7,"ZYYH_067",5
7,"ZYYH_069",5
7,"ZZRM_102",5
7,"ZZRM_103",5
7,"ZZRM_109",5
8,"HZSY_009",1
8,"JXSY_027",1
8,"JXSY_031",1
8,"JXSY_033",1
8,"JXSY_041",1
8,"JXSY_052",1
8,"LSRM_016",1
8,"LXZY_015",1
8,"PHYY_021",1
8,"PHYY_023",1
8,"PHYY_026",1
8,"SLTD_019",1
8,"TZEZ_022",1
8,"TZEZ_030",1
8,"TZEZ_032",1
8,"TZEZ_033",1
8,"TZEZ_044",1
8,"TZEZ_045",1
8,"TZEZ_057",1
8,"TZEZ_059",1
8,"XARM_037",1
8,"ZDFE_101",1
8,"ZDFE_105",1
8,"ZDFE_115",1
8,"ZDFE_119",1
8,"ZDFE_127",1
8,"ZDFE_128",1
8,"ZYCZ_029",1
8,"ZYCZ_035",1
8,"ZYCZ_036",1
8,"ZYQC_051",1
8,"ZYQC_057",1
8,"ZYQC_059",1
8,"ZYQC_071",1
8,"ZYQC_073",1
8,"ZYQC_089",1
8,"ZYQC_094",1
8,"ZYQC_097",1
8,"ZYQC_103",1
8,"ZYQC_105",1
8,"ZYQC_126",1
8,"ZYQC_128",1
8,"ZYQC_132",1
8,"ZYYH_047",1
8,"ZYYH_055",1
8,"ZYYH_057",1
8,"ZZRM_093",1
8,"ZZRM_096",1
8,"HNSR_044",2
8,"HNSR_058",2
8,"HZSY_019",2
8,"HZSY_022",2
8,"JXSY_023",2
8,"JXSY_038",2
8,"JXSY_050",2
8,"JXSY_056",2
8,"SLTD_009",2
8,"SLTD_010",2
8,"SLTD_015",2
8,"TZEZ_024",2
8,"TZEZ_029",2
8,"TZEZ_036",2
8,"TZEZ_041",2
8,"TZEZ_048",2
8,"TZEZ_055",2
8,"ZDFE_102",2
8,"ZDFE_134",2
8,"ZYCZ_018",2
8,"ZYCZ_020",2
8,"ZYCZ_032",2
8,"ZYCZ_039",2
8,"ZYQC_047",2
8,"ZYQC_048",2
8,"ZYQC_049",2
8,"ZYQC_055",2
8,"ZYQC_058",2
8,"ZYQC_065",2
8,"ZYQC_068",2
8,"ZYQC_076",2
8,"ZYQC_084",2
8,"ZYQC_090",2
8,"ZYQC_100",2
8,"ZYQC_101",2
8,"ZYQC_102",2
8,"ZYQC_118",2
8,"ZYYH_062",2
8,"ZYYH_066",2
8,"ZYYH_074",2
8,"ZYYH_077",2
8,"ZZRM_089",2
8,"ZZRM_097",2
8,"ZZRM_102",2
8,"ZZRM_103",2
8,"ZZRM_104",2
8,"ZZRM_115",2
8,"HZSY_012",3
8,"JXSY_042",3
8,"LSRM_015",3
8,"LXZY_011",3
8,"LXZY_013",3
8,"PHYY_022",3
8,"PHYY_028",3
8,"PHYY_031",3
8,"SLTD_022",3
8,"SLTD_024",3
8,"TZEZ_043",3
8,"TZEZ_060",3
8,"WZZX_021",3
8,"ZDFE_104",3
8,"ZDFE_109",3
8,"ZDFE_113",3
8,"ZDFE_114",3
8,"ZDFE_118",3
8,"ZDFE_133",3
8,"ZDFE_136",3
8,"ZYCZ_026",3
8,"ZYCZ_034",3
8,"ZYQC_052",3
8,"ZYQC_067",3
8,"ZYQC_080",3
8,"ZYQC_081",3
8,"ZYQC_096",3
8,"ZYQC_098",3
8,"ZYQC_106",3
8,"ZYQC_108",3
8,"ZYQC_110",3
8,"ZYQC_111",3
8,"ZYQC_115",3
8,"ZYQC_119",3
8,"ZYQC_127",3
8,"ZYQC_133",3
8,"ZYQC_134",3
8,"ZYYH_050",3
8,"ZYYH_053",3
8,"ZYYH_056",3
8,"ZYYH_060",3
8,"ZYYH_063",3
8,"ZYYH_069",3
8,"ZYYH_072",3
8,"ZZRM_105",3
8,"ZZRM_108",3
8,"ZZRM_109",3
8,"HZSY_003",4
8,"HZSY_004",4
8,"HZSY_017",4
8,"HZSY_023",4
8,"JXSY_039",4
8,"JXSY_051",4
8,"LSRM_011",4
8,"LSRM_014",4
8,"LXZY_014",4
8,"PHYY_014",4
8,"SLTD_012",4
8,"SLTD_021",4
8,"TZEZ_002",4
8,"TZEZ_018",4
8,"TZEZ_031",4
8,"TZEZ_040",4
8,"TZEZ_050",4
8,"WZZX_020",4
8,"ZDFE_031",4
8,"ZDFE_103",4
8,"ZDFE_106",4
8,"ZDFE_124",4
8,"ZDFE_129",4
8,"ZDFE_137",4
8,"ZDFE_138",4
8,"ZYCZ_019",4
8,"ZYCZ_025",4
8,"ZYCZ_027",4
8,"ZYCZ_033",4
8,"ZYCZ_038",4
8,"ZYQC_039",4
8,"ZYQC_040",4
8,"ZYQC_053",4
8,"ZYQC_060",4
8,"ZYQC_085",4
8,"ZYQC_095",4
8,"ZYQC_104",4
8,"ZYQC_113",4
8,"ZYQC_114",4
8,"ZYQC_124",4
8,"ZYQC_125",4
8,"ZYQC_143",4
8,"ZYYH_041",4
8,"ZYYH_048",4
8,"ZYYH_049",4
8,"ZYYH_051",4
8,"ZYYH_061",4
8,"HNSR_032",5
8,"HZSY_005",5
8,"HZSY_008",5
8,"HZSY_015",5
8,"JXSY_036",5
8,"PHYY_016",5
8,"PHYY_019",5
8,"PHYY_029",5
8,"SLTD_017",5
8,"SLTD_020",5
8,"TZEZ_038",5
8,"TZEZ_051",5
8,"TZEZ_053",5
8,"TZEZ_056",5
8,"TZEZ_061",5
8,"XARM_036",5
8,"ZDFE_117",5
8,"ZDFE_125",5
8,"ZDFE_130",5
8,"ZDFE_131",5
8,"ZDFE_135",5
8,"ZYCZ_023",5
8,"ZYCZ_028",5
8,"ZYCZ_030",5
8,"ZYQC_042",5
8,"ZYQC_045",5
8,"ZYQC_050",5
8,"ZYQC_056",5
8,"ZYQC_072",5
8,"ZYQC_074",5
8,"ZYQC_075",5
8,"ZYQC_083",5
8,"ZYQC_093",5
8,"ZYQC_109",5
8,"ZYQC_112",5
8,"ZYQC_116",5
8,"ZYQC_120",5
8,"ZYQC_121",5
8,"ZYQC_122",5
8,"ZYQC_123",5
8,"ZYQC_135",5
8,"ZYYH_058",5
8,"ZYYH_067",5
8,"ZYYH_070",5
8,"ZYYH_071",5
8,"ZZRM_101",5
8,"ZZRM_111",5
9,"HNSR_032",1
9,"HZSY_004",1
9,"HZSY_015",1
9,"HZSY_017",1
9,"HZSY_023",1
9,"JXSY_033",1
9,"LSRM_016",1
9,"LXZY_011",1
9,"PHYY_022",1
9,"TZEZ_029",1
9,"TZEZ_038",1
9,"TZEZ_040",1
9,"TZEZ_045",1
9,"TZEZ_055",1
9,"XARM_036",1
9,"ZDFE_102",1
9,"ZDFE_104",1
9,"ZDFE_115",1
9,"ZDFE_117",1
9,"ZDFE_119",1
9,"ZDFE_136",1
9,"ZDFE_138",1
9,"ZYCZ_020",1
9,"ZYCZ_027",1
9,"ZYCZ_033",1
9,"ZYCZ_034",1
9,"ZYCZ_036",1
9,"ZYQC_040",1
9,"ZYQC_045",1
9,"ZYQC_052",1
9,"ZYQC_076",1
9,"ZYQC_080",1
9,"ZYQC_089",1
9,"ZYQC_095",1
9,"ZYQC_097",1
9,"ZYQC_100",1
9,"ZYQC_102",1
9,"ZYQC_103",1
9,"ZYQC_111",1
9,"ZYQC_116",1
9,"ZYQC_120",1
9,"ZYYH_041",1
9,"ZYYH_057",1
9,"ZYYH_061",1
9,"ZYYH_062",1
9,"ZYYH_072",1
9,"ZZRM_093",1
9,"ZZRM_097",1
9,"HZSY_005",2
9,"HZSY_008",2
9,"HZSY_009",2
9,"JXSY_051",2
9,"PHYY_019",2
9,"SLTD_009",2
9,"SLTD_010",2
9,"TZEZ_002",2
9,"TZEZ_031",2
9,"TZEZ_033",2
9,"TZEZ_036",2
9,"TZEZ_041",2
9,"TZEZ_044",2
9,"TZEZ_051",2
9,"TZEZ_056",2
9,"ZDFE_103",2
9,"ZDFE_109",2
9,"ZDFE_130",2
9,"ZYCZ_019",2
9,"ZYCZ_028",2
9,"ZYQC_039",2
9,"ZYQC_049",2
9,"ZYQC_053",2
9,"ZYQC_055",2
9,"ZYQC_057",2
9,"ZYQC_058",2
9,"ZYQC_059",2
9,"ZYQC_060",2
9,"ZYQC_073",2
9,"ZYQC_075",2
9,"ZYQC_085",2
9,"ZYQC_094",2
9,"ZYQC_109",2
9,"ZYQC_126",2
9,"ZYQC_133",2
9,"ZYYH_047",2
9,"ZYYH_050",2
9,"ZYYH_055",2
9,"ZYYH_058",2
9,"ZYYH_060",2
9,"ZYYH_067",2
9,"ZYYH_071",2
9,"ZYYH_074",2
9,"ZZRM_101",2
9,"ZZRM_102",2
9,"ZZRM_108",2
9,"ZZRM_109",2
9,"HZSY_003",3
9,"HZSY_022",3
9,"JXSY_023",3
9,"JXSY_031",3
9,"JXSY_036",3
9,"JXSY_052",3
9,"LSRM_011",3
9,"LSRM_015",3
9,"LXZY_013",3
9,"LXZY_014",3
9,"LXZY_015",3
9,"PHYY_014",3
9,"PHYY_021",3
9,"PHYY_023",3
9,"PHYY_026",3
9,"PHYY_028",3
9,"SLTD_012",3
9,"SLTD_015",3
9,"SLTD_021",3
9,"TZEZ_022",3
9,"ZDFE_114",3
9,"ZDFE_118",3
9,"ZDFE_125",3
9,"ZDFE_129",3
9,"ZDFE_133",3
9,"ZDFE_135",3
9,"ZYCZ_023",3
9,"ZYCZ_029",3
9,"ZYCZ_038",3
9,"ZYQC_081",3
9,"ZYQC_101",3
9,"ZYQC_110",3
9,"ZYQC_113",3
9,"ZYQC_115",3
9,"ZYQC_118",3
9,"ZYQC_119",3
9,"ZYQC_123",3
9,"ZYQC_124",3
9,"ZYQC_125",3
9,"ZYQC_128",3
9,"ZYQC_135",3
9,"ZYYH_048",3
9,"ZYYH_053",3
9,"ZYYH_063",3
9,"ZYYH_077",3
9,"ZZRM_096",3
9,"ZZRM_115",3
9,"HNSR_044",4
9,"HZSY_012",4
9,"JXSY_027",4
9,"JXSY_038",4
9,"JXSY_039",4
9,"JXSY_050",4
9,"JXSY_056",4
9,"LSRM_014",4
9,"PHYY_016",4
9,"PHYY_029",4
9,"PHYY_031",4
9,"SLTD_020",4
9,"SLTD_022",4
9,"SLTD_024",4
9,"TZEZ_024",4
9,"TZEZ_030",4
9,"TZEZ_032",4
9,"TZEZ_050",4
9,"TZEZ_057",4
9,"WZZX_020",4
9,"ZDFE_113",4
9,"ZDFE_127",4
9,"ZDFE_134",4
9,"ZYCZ_025",4
9,"ZYCZ_026",4
9,"ZYCZ_039",4
9,"ZYQC_042",4
9,"ZYQC_047",4
9,"ZYQC_050",4
9,"ZYQC_065",4
9,"ZYQC_067",4
9,"ZYQC_071",4
9,"ZYQC_072",4
9,"ZYQC_083",4
9,"ZYQC_090",4
9,"ZYQC_093",4
9,"ZYQC_098",4
9,"ZYQC_105",4
9,"ZYQC_108",4
9,"ZYQC_112",4
9,"ZYQC_114",4
9,"ZYQC_127",4
9,"ZYYH_049",4
9,"ZYYH_056",4
9,"ZYYH_069",4
9,"ZYYH_070",4
9,"ZZRM_104",4
9,"HNSR_058",5
9,"HZSY_019",5
9,"JXSY_041",5
9,"JXSY_042",5
9,"SLTD_017",5
9,"SLTD_019",5
9,"TZEZ_018",5
9,"TZEZ_043",5
9,"TZEZ_048",5
9,"TZEZ_053",5
9,"TZEZ_059",5
9,"TZEZ_060",5
9,"TZEZ_061",5
9,"WZZX_021",5
9,"XARM_037",5
9,"ZDFE_031",5
9,"ZDFE_101",5
9,"ZDFE_105",5
9,"ZDFE_106",5
9,"ZDFE_124",5
9,"ZDFE_128",5
9,"ZDFE_131",5
9,"ZDFE_137",5
9,"ZYCZ_018",5
9,"ZYCZ_030",5
9,"ZYCZ_032",5
9,"ZYCZ_035",5
9,"ZYQC_048",5
9,"ZYQC_051",5
9,"ZYQC_056",5
9,"ZYQC_068",5
9,"ZYQC_074",5
9,"ZYQC_084",5
9,"ZYQC_096",5
9,"ZYQC_104",5
9,"ZYQC_106",5
9,"ZYQC_121",5
9,"ZYQC_122",5
9,"ZYQC_132",5
9,"ZYQC_134",5
9,"ZYQC_143",5
9,"ZYYH_051",5
9,"ZYYH_066",5
9,"ZZRM_089",5
9,"ZZRM_103",5
9,"ZZRM_105",5
9,"ZZRM_111",5
10,"HZSY_003",1
10,"HZSY_008",1
10,"HZSY_015",1
10,"JXSY_038",1
10,"JXSY_052",1
10,"LSRM_014",1
10,"LXZY_014",1
10,"PHYY_019",1
10,"PHYY_031",1
10,"SLTD_009",1
10,"SLTD_015",1
10,"SLTD_021",1
10,"TZEZ_018",1
10,"TZEZ_030",1
10,"TZEZ_031",1
10,"TZEZ_033",1
10,"TZEZ_041",1
10,"TZEZ_053",1
10,"TZEZ_061",1
10,"WZZX_021",1
10,"ZDFE_102",1
10,"ZDFE_106",1
10,"ZDFE_114",1
10,"ZDFE_119",1
10,"ZDFE_133",1
10,"ZDFE_136",1
10,"ZYCZ_026",1
10,"ZYCZ_032",1
10,"ZYCZ_035",1
10,"ZYCZ_038",1
10,"ZYQC_040",1
10,"ZYQC_049",1
10,"ZYQC_051",1
10,"ZYQC_055",1
10,"ZYQC_067",1
10,"ZYQC_068",1
10,"ZYQC_071",1
10,"ZYQC_075",1
10,"ZYQC_080",1
10,"ZYQC_081",1
10,"ZYQC_093",1
10,"ZYQC_113",1
10,"ZYQC_125",1
10,"ZYQC_135",1
10,"ZYYH_047",1
10,"ZZRM_097",1
10,"ZZRM_101",1
10,"ZZRM_105",1
10,"HNSR_058",2
10,"HZSY_005",2
10,"HZSY_009",2
10,"HZSY_023",2
10,"JXSY_033",2
10,"PHYY_016",2
10,"PHYY_026",2
10,"PHYY_028",2
10,"SLTD_010",2
10,"SLTD_017",2
10,"SLTD_022",2
10,"TZEZ_024",2
10,"TZEZ_029",2
10,"TZEZ_038",2
10,"TZEZ_040",2
10,"TZEZ_056",2
10,"TZEZ_060",2
10,"XARM_037",2
10,"ZDFE_103",2
10,"ZDFE_124",2
10,"ZDFE_129",2
10,"ZDFE_131",2
10,"ZDFE_135",2
10,"ZYCZ_025",2
10,"ZYQC_045",2
10,"ZYQC_050",2
10,"ZYQC_052",2
10,"ZYQC_057",2
10,"ZYQC_083",2
10,"ZYQC_090",2
10,"ZYQC_095",2
10,"ZYQC_101",2
10,"ZYQC_103",2
10,"ZYQC_108",2
10,"ZYQC_110",2
10,"ZYQC_112",2
10,"ZYQC_121",2
10,"ZYQC_127",2
10,"ZYYH_041",2
10,"ZYYH_049",2
10,"ZYYH_067",2
10,"ZYYH_074",2
10,"ZZRM_089",2
10,"ZZRM_102",2
10,"ZZRM_103",2
10,"ZZRM_108",2
10,"ZZRM_109",2
10,"JXSY_042",3
10,"LSRM_011",3
10,"LSRM_016",3
10,"LXZY_011",3
10,"LXZY_013",3
10,"LXZY_015",3
10,"PHYY_014",3
10,"PHYY_022",3
10,"TZEZ_022",3
10,"TZEZ_043",3
10,"TZEZ_044",3
10,"TZEZ_045",3
10,"TZEZ_048",3
10,"TZEZ_050",3
10,"TZEZ_055",3
10,"XARM_036",3
10,"ZDFE_117",3
10,"ZDFE_118",3
10,"ZDFE_137",3
10,"ZYCZ_029",3
10,"ZYQC_042",3
10,"ZYQC_047",3
10,"ZYQC_048",3
10,"ZYQC_059",3
10,"ZYQC_060",3
10,"ZYQC_072",3
10,"ZYQC_073",3
10,"ZYQC_089",3
10,"ZYQC_096",3
10,"ZYQC_098",3
10,"ZYQC_100",3
10,"ZYQC_104",3
10,"ZYQC_115",3
10,"ZYQC_116",3
10,"ZYQC_119",3
10,"ZYQC_120",3
10,"ZYQC_128",3
10,"ZYQC_143",3
10,"ZYYH_055",3
10,"ZYYH_056",3
10,"ZYYH_058",3
10,"ZYYH_061",3
10,"ZYYH_071",3
10,"ZYYH_072",3
10,"ZZRM_096",3
10,"ZZRM_104",3
10,"ZZRM_111",3
10,"HZSY_004",4
10,"HZSY_012",4
10,"HZSY_017",4
10,"JXSY_023",4
10,"JXSY_031",4
10,"JXSY_036",4
10,"JXSY_039",4
10,"JXSY_041",4
10,"JXSY_050",4
10,"LSRM_015",4
10,"PHYY_021",4
10,"PHYY_023",4
10,"SLTD_024",4
10,"TZEZ_002",4
10,"TZEZ_057",4
10,"ZDFE_104",4
10,"ZDFE_105",4
10,"ZDFE_115",4
10,"ZDFE_127",4
10,"ZDFE_130",4
10,"ZDFE_134",4
10,"ZDFE_138",4
10,"ZYCZ_023",4
10,"ZYCZ_027",4
10,"ZYCZ_028",4
10,"ZYCZ_030",4
10,"ZYCZ_033",4
10,"ZYCZ_034",4
10,"ZYQC_039",4
10,"ZYQC_053",4
10,"ZYQC_058",4
10,"ZYQC_065",4
10,"ZYQC_085",4
10,"ZYQC_094",4
10,"ZYQC_102",4
10,"ZYQC_105",4
10,"ZYQC_106",4
10,"ZYQC_111",4
10,"ZYQC_118",4
10,"ZYQC_126",4
10,"ZYQC_132",4
10,"ZYYH_048",4
10,"ZYYH_050",4
10,"ZYYH_060",4
10,"ZYYH_062",4
10,"ZYYH_069",4
10,"ZYYH_070",4
10,"HNSR_032",5
10,"HNSR_044",5
10,"HZSY_019",5
10,"HZSY_022",5
10,"JXSY_027",5
10,"JXSY_051",5
10,"JXSY_056",5
10,"PHYY_029",5
10,"SLTD_012",5
10,"SLTD_019",5
10,"SLTD_020",5
10,"TZEZ_032",5
10,"TZEZ_036",5
10,"TZEZ_051",5
10,"TZEZ_059",5
10,"WZZX_020",5
10,"ZDFE_031",5
10,"ZDFE_101",5
10,"ZDFE_109",5
10,"ZDFE_113",5
10,"ZDFE_125",5
10,"ZDFE_128",5
10,"ZYCZ_018",5
10,"ZYCZ_019",5
10,"ZYCZ_020",5
10,"ZYCZ_036",5
10,"ZYCZ_039",5
10,"ZYQC_056",5
10,"ZYQC_074",5
10,"ZYQC_076",5
10,"ZYQC_084",5
10,"ZYQC_097",5
10,"ZYQC_109",5
10,"ZYQC_114",5
10,"ZYQC_122",5
10,"ZYQC_123",5
10,"ZYQC_124",5
10,"ZYQC_133",5
10,"ZYQC_134",5
10,"ZYYH_051",5
10,"ZYYH_053",5
10,"ZYYH_057",5
10,"ZYYH_063",5
10,"ZYYH_066",5
10,"ZYYH_077",5
10,"ZZRM_093",5
10,"ZZRM_115",5
11,"HNSR_032",1
11,"HNSR_044",1
11,"HZSY_005",1
11,"JXSY_023",1
11,"JXSY_033",1
11,"JXSY_038",1
11,"JXSY_052",1
11,"LSRM_015",1
11,"LXZY_013",1
11,"PHYY_016",1
11,"SLTD_009",1
11,"TZEZ_018",1
11,"TZEZ_022",1
11,"TZEZ_024",1
11,"TZEZ_040",1
11,"TZEZ_055",1
11,"TZEZ_061",1
11,"XARM_036",1
11,"ZDFE_103",1
11,"ZDFE_113",1
11,"ZDFE_115",1
11,"ZDFE_127",1
11,"ZDFE_129",1
11,"ZDFE_133",1
11,"ZDFE_134",1
11,"ZYCZ_020",1
11,"ZYCZ_025",1
11,"ZYCZ_034",1
11,"ZYCZ_039",1
11,"ZYQC_048",1
11,"ZYQC_049",1
11,"ZYQC_050",1
11,"ZYQC_051",1
11,"ZYQC_053",1
11,"ZYQC_081",1
11,"ZYQC_089",1
11,"ZYQC_093",1
11,"ZYQC_097",1
11,"ZYQC_100",1
11,"ZYQC_114",1
11,"ZYQC_125",1
11,"ZYQC_126",1
11,"ZYYH_048",1
11,"ZYYH_063",1
11,"ZYYH_066",1
11,"ZYYH_070",1
11,"ZZRM_104",1
11,"ZZRM_111",1
11,"HZSY_003",2
11,"HZSY_008",2
11,"HZSY_015",2
11,"HZSY_017",2
11,"JXSY_039",2
11,"PHYY_019",2
11,"PHYY_022",2
11,"PHYY_029",2
11,"PHYY_031",2
11,"SLTD_021",2
11,"TZEZ_002",2
11,"TZEZ_029",2
11,"TZEZ_031",2
11,"TZEZ_041",2
11,"TZEZ_044",2
11,"TZEZ_051",2
11,"XARM_037",2
11,"ZDFE_109",2
11,"ZDFE_114",2
11,"ZDFE_125",2
11,"ZDFE_130",2
11,"ZDFE_135",2
11,"ZDFE_136",2
11,"ZDFE_137",2
11,"ZYCZ_019",2
11,"ZYCZ_027",2
11,"ZYCZ_030",2
11,"ZYCZ_035",2
11,"ZYCZ_038",2
11,"ZYQC_042",2
11,"ZYQC_045",2
11,"ZYQC_055",2
11,"ZYQC_065",2
11,"ZYQC_073",2
11,"ZYQC_075",2
11,"ZYQC_118",2
11,"ZYQC_119",2
11,"ZYQC_127",2
11,"ZYQC_132",2
11,"ZYQC_133",2
11,"ZYYH_053",2
11,"ZYYH_062",2
11,"ZYYH_077",2
11,"ZZRM_101",2
11,"ZZRM_102",2
11,"ZZRM_103",2
11,"ZZRM_105",2
11,"JXSY_036",3
11,"JXSY_056",3
11,"LXZY_011",3
11,"LXZY_015",3
11,"PHYY_014",3
11,"PHYY_021",3
11,"PHYY_026",3
11,"SLTD_012",3
11,"SLTD_015",3
11,"SLTD_017",3
11,"SLTD_022",3
11,"SLTD_024",3
11,"TZEZ_038",3
11,"TZEZ_043",3
11,"TZEZ_059",3
11,"ZDFE_031",3
11,"ZDFE_104",3
11,"ZDFE_106",3
11,"ZDFE_117",3
11,"ZDFE_118",3
11,"ZDFE_124",3
11,"ZDFE_128",3
11,"ZYCZ_032",3
11,"ZYCZ_033",3
11,"ZYQC_040",3
11,"ZYQC_058",3
11,"ZYQC_060",3
11,"ZYQC_072",3
11,"ZYQC_074",3
11,"ZYQC_080",3
11,"ZYQC_084",3
11,"ZYQC_101",3
11,"ZYQC_102",3
11,"ZYQC_105",3
11,"ZYQC_113",3
11,"ZYQC_120",3
11,"ZYQC_122",3
11,"ZYQC_124",3
11,"ZYQC_135",3
11,"ZYYH_047",3
11,"ZYYH_049",3
11,"ZYYH_057",3
11,"ZYYH_061",3
11,"ZYYH_069",3
11,"ZYYH_071",3
11,"ZZRM_093",3
11,"ZZRM_115",3
11,"JXSY_041",4
11,"JXSY_042",4
11,"LXZY_014",4
11,"PHYY_023",4
11,"SLTD_010",4
11,"SLTD_019",4
11,"SLTD_020",4
11,"TZEZ_030",4
11,"TZEZ_050",4
11,"TZEZ_053",4
11,"TZEZ_057",4
11,"TZEZ_060",4
11,"WZZX_020",4
11,"WZZX_021",4
11,"ZDFE_102",4
11,"ZDFE_131",4
11,"ZYCZ_018",4
11,"ZYQC_039",4
11,"ZYQC_047",4
11,"ZYQC_052",4
11,"ZYQC_056",4
11,"ZYQC_057",4
11,"ZYQC_059",4
11,"ZYQC_067",4
11,"ZYQC_076",4
11,"ZYQC_083",4
11,"ZYQC_090",4
11,"ZYQC_094",4
11,"ZYQC_096",4
11,"ZYQC_098",4
11,"ZYQC_103",4
11,"ZYQC_104",4
11,"ZYQC_110",4
11,"ZYQC_111",4
11,"ZYQC_112",4
11,"ZYQC_116",4
11,"ZYQC_134",4
11,"ZYYH_041",4
11,"ZYYH_050",4
11,"ZYYH_051",4
11,"ZYYH_055",4
11,"ZYYH_056",4
11,"ZYYH_067",4
11,"ZYYH_072",4
11,"ZZRM_089",4
11,"ZZRM_096",4
11,"ZZRM_097",4
11,"HNSR_058",5
11,"HZSY_004",5
11,"HZSY_009",5
11,"HZSY_012",5
11,"HZSY_019",5
11,"HZSY_022",5
11,"HZSY_023",5
11,"JXSY_027",5
11,"JXSY_031",5
11,"JXSY_050",5
11,"JXSY_051",5
11,"LSRM_011",5
11,"LSRM_014",5
11,"LSRM_016",5
11,"PHYY_028",5
11,"TZEZ_032",5
11,"TZEZ_033",5
11,"TZEZ_036",5
11,"TZEZ_045",5
11,"TZEZ_048",5
11,"TZEZ_056",5
11,"ZDFE_101",5
11,"ZDFE_105",5
11,"ZDFE_119",5
11,"ZDFE_138",5
11,"ZYCZ_023",5
11,"ZYCZ_026",5
11,"ZYCZ_028",5
11,"ZYCZ_029",5
11,"ZYCZ_036",5
11,"ZYQC_068",5
11,"ZYQC_071",5
11,"ZYQC_085",5
11,"ZYQC_095",5
11,"ZYQC_106",5
11,"ZYQC_108",5
11,"ZYQC_109",5
11,"ZYQC_115",5
11,"ZYQC_121",5
11,"ZYQC_123",5
11,"ZYQC_128",5
11,"ZYQC_143",5
11,"ZYYH_058",5
11,"ZYYH_060",5
11,"ZYYH_074",5
11,"ZZRM_108",5
11,"ZZRM_109",5
12,"HZSY_003",1
12,"HZSY_023",1
12,"JXSY_036",1
12,"JXSY_042",1
12,"JXSY_052",1
12,"LSRM_011",1
12,"LSRM_014",1
12,"SLTD_012",1
12,"TZEZ_022",1
12,"TZEZ_029",1
12,"TZEZ_030",1
12,"TZEZ_031",1
12,"TZEZ_036",1
12,"TZEZ_040",1
12,"TZEZ_051",1
12,"TZEZ_057",1
12,"TZEZ_060",1
12,"WZZX_020",1
12,"ZDFE_104",1
12,"ZDFE_127",1
12,"ZDFE_130",1
12,"ZDFE_136",1
12,"ZYCZ_026",1
12,"ZYCZ_029",1
12,"ZYCZ_033",1
12,"ZYQC_048",1
12,"ZYQC_051",1
12,"ZYQC_055",1
12,"ZYQC_058",1
12,"ZYQC_059",1
12,"ZYQC_068",1
12,"ZYQC_074",1
12,"ZYQC_080",1
12,"ZYQC_095",1
12,"ZYQC_097",1
12,"ZYQC_110",1
12,"ZYQC_112",1
12,"ZYQC_118",1
12,"ZYQC_121",1
12,"ZYQC_126",1
12,"ZYYH_047",1
12,"ZYYH_053",1
12,"ZYYH_063",1
12,"ZYYH_069",1
12,"ZYYH_070",1
12,"ZZRM_089",1
12,"ZZRM_096",1
12,"ZZRM_097",1
12,"HNSR_032",2
12,"HZSY_004",2
12,"HZSY_019",2
12,"HZSY_022",2
12,"JXSY_033",2
12,"JXSY_038",2
12,"JXSY_041",2
12,"JXSY_056",2
12,"PHYY_014",2
12,"PHYY_016",2
12,"PHYY_021",2
12,"PHYY_022",2
12,"PHYY_031",2
12,"SLTD_017",2
12,"TZEZ_032",2
12,"TZEZ_033",2
12,"TZEZ_041",2
12,"TZEZ_048",2
12,"TZEZ_056",2
12,"XARM_036",2
12,"ZDFE_031",2
12,"ZDFE_103",2
12,"ZDFE_105",2
12,"ZDFE_106",2
12,"ZDFE_114",2
12,"ZDFE_115",2
12,"ZDFE_118",2
12,"ZDFE_128",2
12,"ZDFE_134",2
12,"ZYCZ_032",2
12,"ZYCZ_038",2
12,"ZYQC_039",2
12,"ZYQC_045",2
12,"ZYQC_075",2
12,"ZYQC_076",2
12,"ZYQC_084",2
12,"ZYQC_085",2
12,"ZYQC_089",2
12,"ZYQC_090",2
12,"ZYQC_098",2
12,"ZYQC_101",2
12,"ZYQC_109",2
12,"ZYQC_127",2
12,"ZYQC_128",2
12,"ZYQC_143",2
12,"ZYYH_049",2
12,"ZZRM_093",2
12,"HNSR_044",3
12,"HZSY_005",3
12,"HZSY_008",3
12,"JXSY_050",3
12,"LXZY_014",3
12,"PHYY_026",3
12,"SLTD_010",3
12,"SLTD_015",3
12,"SLTD_019",3
12,"TZEZ_044",3
12,"TZEZ_050",3
12,"TZEZ_053",3
12,"TZEZ_061",3
12,"WZZX_021",3
12,"XARM_037",3
12,"ZDFE_109",3
12,"ZDFE_124",3
12,"ZDFE_138",3
12,"ZYCZ_018",3
12,"ZYCZ_025",3
12,"ZYCZ_027",3
12,"ZYQC_042",3
12,"ZYQC_049",3
12,"ZYQC_052",3
12,"ZYQC_060",3
12,"ZYQC_065",3
12,"ZYQC_067",3
12,"ZYQC_071",3
12,"ZYQC_081",3
12,"ZYQC_083",3
12,"ZYQC_093",3
12,"ZYQC_096",3
12,"ZYQC_106",3
12,"ZYQC_113",3
12,"ZYQC_120",3
12,"ZYQC_123",3
12,"ZYQC_124",3
12,"ZYQC_132",3
12,"ZYQC_133",3
12,"ZYYH_048",3
12,"ZYYH_055",3
12,"ZYYH_061",3
12,"ZYYH_062",3
12,"ZYYH_072",3
12,"ZYYH_077",3
12,"ZZRM_105",3
12,"ZZRM_108",3
12,"HNSR_058",4
12,"HZSY_009",4
12,"HZSY_012",4
12,"JXSY_031",4
12,"JXSY_051",4
12,"LSRM_015",4
12,"LSRM_016",4
12,"LXZY_011",4
12,"PHYY_019",4
12,"PHYY_029",4
12,"SLTD_022",4
12,"SLTD_024",4
12,"TZEZ_002",4
12,"TZEZ_038",4
12,"TZEZ_043",4
12,"TZEZ_045",4
12,"TZEZ_055",4
12,"TZEZ_059",4
12,"ZDFE_101",4
12,"ZDFE_102",4
12,"ZDFE_113",4
12,"ZDFE_117",4
12,"ZDFE_119",4
12,"ZDFE_137",4
12,"ZYCZ_019",4
12,"ZYCZ_020",4
12,"ZYCZ_028",4
12,"ZYCZ_030",4
12,"ZYCZ_034",4
12,"ZYQC_053",4
12,"ZYQC_057",4
12,"ZYQC_100",4
12,"ZYQC_102",4
12,"ZYQC_105",4
12,"ZYQC_108",4
12,"ZYQC_115",4
12,"ZYQC_116",4
12,"ZYQC_135",4
12,"ZYYH_050",4
12,"ZYYH_051",4
12,"ZYYH_057",4
12,"ZYYH_058",4
12,"ZYYH_066",4
12,"ZYYH_067",4
12,"ZYYH_074",4
12,"ZZRM_102",4
12,"ZZRM_115",4
12,"HZSY_015",5
12,"HZSY_017",5
12,"JXSY_023",5
12,"JXSY_027",5
12,"JXSY_039",5
12,"LXZY_013",5
12,"LXZY_015",5
12,"PHYY_023",5
12,"PHYY_028",5
12,"SLTD_009",5
12,"SLTD_020",5
12,"SLTD_021",5
12,"TZEZ_018",5
12,"TZEZ_024",5
12,"ZDFE_125",5
12,"ZDFE_129",5
12,"ZDFE_131",5
12,"ZDFE_133",5
12,"ZDFE_135",5
12,"ZYCZ_023",5
12,"ZYCZ_035",5
12,"ZYCZ_036",5
12,"ZYCZ_039",5
12,"ZYQC_040",5
12,"ZYQC_047",5
12,"ZYQC_050",5
12,"ZYQC_056",5
12,"ZYQC_072",5
12,"ZYQC_073",5
12,"ZYQC_094",5
12,"ZYQC_103",5
12,"ZYQC_104",5
12,"ZYQC_111",5
12,"ZYQC_114",5
12,"ZYQC_119",5
12,"ZYQC_122",5
12,"ZYQC_125",5
12,"ZYQC_134",5
12,"ZYYH_041",5
12,"ZYYH_056",5
12,"ZYYH_060",5
12,"ZYYH_071",5
12,"ZZRM_101",5
12,"ZZRM_103",5
12,"ZZRM_104",5
12,"ZZRM_109",5
12,"ZZRM_111",5
13,"HNSR_032",1
13,"HZSY_003",1
13,"HZSY_009",1
13,"HZSY_019",1
13,"JXSY_023",1
13,"JXSY_036",1
13,"JXSY_041",1
13,"LXZY_013",1
13,"LXZY_015",1
13,"PHYY_016",1
13,"PHYY_022",1
13,"SLTD_009",1
13,"SLTD_017",1
13,"TZEZ_040",1
13,"TZEZ_048",1
13,"TZEZ_050",1
13,"TZEZ_061",1
13,"WZZX_020",1
13,"ZDFE_031",1
13,"ZDFE_117",1
13,"ZDFE_124",1
13,"ZDFE_125",1
13,"ZDFE_128",1
13,"ZDFE_131",1
13,"ZDFE_136",1
13,"ZYCZ_028",1
13,"ZYCZ_029",1
13,"ZYCZ_033",1
13,"ZYCZ_036",1
13,"ZYQC_055",1
13,"ZYQC_065",1
13,"ZYQC_067",1
13,"ZYQC_072",1
13,"ZYQC_085",1
13,"ZYQC_090",1
13,"ZYQC_094",1
13,"ZYQC_095",1
13,"ZYQC_098",1
13,"ZYQC_102",1
13,"ZYQC_105",1
13,"ZYQC_106",1
13,"ZYQC_113",1
13,"ZYQC_115",1
13,"ZYQC_122",1
13,"ZYYH_055",1
13,"ZYYH_056",1
13,"ZYYH_072",1
13,"ZZRM_101",1
13,"HNSR_044",2
13,"HZSY_012",2
13,"JXSY_031",2
13,"JXSY_038",2
13,"JXSY_042",2
13,"LSRM_015",2
13,"SLTD_015",2
13,"SLTD_021",2
13,"TZEZ_022",2
13,"TZEZ_030",2
13,"TZEZ_031",2
13,"TZEZ_032",2
13,"TZEZ_033",2
13,"TZEZ_038",2
13,"TZEZ_056",2
13,"TZEZ_057",2
13,"WZZX_021",2
13,"XARM_036",2
13,"ZDFE_115",2
13,"ZDFE_137",2
13,"ZDFE_138",2
13,"ZYCZ_027",2
13,"ZYCZ_030",2
13,"ZYCZ_032",2
13,"ZYCZ_035",2
13,"ZYQC_047",2
13,"ZYQC_068",2
13,"ZYQC_073",2
13,"ZYQC_075",2
13,"ZYQC_083",2
13,"ZYQC_100",2
13,"ZYQC_101",2
13,"ZYQC_109",2
13,"ZYQC_111",2
13,"ZYQC_124",2
13,"ZYQC_125",2
13,"ZYQC_127",2
13,"ZYYH_047",2
13,"ZYYH_048",2
13,"ZYYH_049",2
13,"ZYYH_051",2
13,"ZYYH_062",2
13,"ZYYH_069",2
13,"ZYYH_077",2
13,"ZZRM_102",2
13,"ZZRM_105",2
13,"ZZRM_115",2
13,"HZSY_005",3
13,"HZSY_008",3
13,"JXSY_027",3
13,"JXSY_052",3
13,"JXSY_056",3
13,"LSRM_014",3
13,"LSRM_016",3
13,"PHYY_019",3
13,"SLTD_012",3
13,"SLTD_020",3
13,"SLTD_022",3
13,"SLTD_024",3
13,"TZEZ_018",3
13,"TZEZ_041",3
13,"TZEZ_044",3
13,"TZEZ_045",3
13,"TZEZ_051",3
13,"TZEZ_053",3
13,"XARM_037",3
13,"ZDFE_109",3
13,"ZDFE_113",3
13,"ZDFE_127",3
13,"ZDFE_130",3
13,"ZDFE_133",3
13,"ZDFE_134",3
13,"ZDFE_135",3
13,"ZYCZ_019",3
13,"ZYCZ_023",3
13,"ZYCZ_034",3
13,"ZYCZ_039",3
13,"ZYQC_050",3
13,"ZYQC_051",3
13,"ZYQC_060",3
13,"ZYQC_084",3
13,"ZYQC_112",3
13,"ZYQC_119",3
13,"ZYQC_121",3
13,"ZYQC_128",3
13,"ZYQC_133",3
13,"ZYQC_135",3
13,"ZYQC_143",3
13,"ZYYH_057",3
13,"ZYYH_058",3
13,"ZYYH_061",3
13,"ZYYH_063",3
13,"ZYYH_066",3
13,"ZZRM_093",3
13,"HZSY_004",4
13,"HZSY_022",4
13,"HZSY_023",4
13,"JXSY_039",4
13,"JXSY_050",4
13,"JXSY_051",4
13,"LSRM_011",4
13,"LXZY_011",4
13,"LXZY_014",4
13,"PHYY_029",4
13,"SLTD_010",4
13,"SLTD_019",4
13,"TZEZ_024",4
13,"TZEZ_055",4
13,"TZEZ_060",4
13,"ZDFE_102",4
13,"ZDFE_104",4
13,"ZDFE_105",4
13,"ZDFE_106",4
13,"ZDFE_114",4
13,"ZDFE_118",4
13,"ZDFE_119",4
13,"ZDFE_129",4
13,"ZYCZ_026",4
13,"ZYQC_039",4
13,"ZYQC_040",4
13,"ZYQC_042",4
13,"ZYQC_045",4
13,"ZYQC_052",4
13,"ZYQC_056",4
13,"ZYQC_059",4
13,"ZYQC_076",4
13,"ZYQC_080",4
13,"ZYQC_093",4
13,"ZYQC_108",4
13,"ZYQC_110",4
13,"ZYQC_114",4
13,"ZYQC_118",4
13,"ZYQC_120",4
13,"ZYQC_123",4
13,"ZYQC_126",4
13,"ZYQC_132",4
13,"ZYQC_134",4
13,"ZYYH_050",4
13,"ZZRM_089",4
13,"ZZRM_096",4
13,"ZZRM_108",4
13,"HNSR_058",5
13,"HZSY_015",5
13,"HZSY_017",5
13,"JXSY_033",5
13,"PHYY_014",5
13,"PHYY_021",5
13,"PHYY_023",5
13,"PHYY_026",5
13,"PHYY_028",5
13,"PHYY_031",5
13,"TZEZ_002",5
13,"TZEZ_029",5
13,"TZEZ_036",5
13,"TZEZ_043",5
13,"TZEZ_059",5
13,"ZDFE_101",5
13,"ZDFE_103",5
13,"ZYCZ_018",5
13,"ZYCZ_020",5
13,"ZYCZ_025",5
13,"ZYCZ_038",5
13,"ZYQC_048",5
13,"ZYQC_049",5
13,"ZYQC_053",5
13,"ZYQC_057",5
13,"ZYQC_058",5
13,"ZYQC_071",5
13,"ZYQC_074",5
13,"ZYQC_081",5
13,"ZYQC_089",5
13,"ZYQC_096",5
13,"ZYQC_097",5
13,"ZYQC_103",5
13,"ZYQC_104",5
13,"ZYQC_116",5
13,"ZYYH_041",5
13,"ZYYH_053",5
13,"ZYYH_060",5
13,"ZYYH_067",5
13,"ZYYH_070",5
13,"ZYYH_071",5
13,"ZYYH_074",5
13,"ZZRM_097",5
13,"ZZRM_103",5
13,"ZZRM_104",5
13,"ZZRM_109",5
13,"ZZRM_111",5
14,"HZSY_005",1
14,"JXSY_023",1
14,"JXSY_039",1
14,"JXSY_041",1
14,"JXSY_050",1
14,"JXSY_052",1
14,"PHYY_023",1
14,"TZEZ_002",1
14,"TZEZ_029",1
14,"TZEZ_045",1
14,"TZEZ_051",1
14,"TZEZ_056",1
14,"TZEZ_061",1
14,"ZDFE_101",1
14,"ZDFE_117",1
14,"ZDFE_130",1
14,"ZDFE_134",1
14,"ZYCZ_026",1
14,"ZYCZ_027",1
14,"ZYCZ_033",1
14,"ZYCZ_038",1
14,"ZYQC_042",1
14,"ZYQC_045",1
14,"ZYQC_047",1
14,"ZYQC_049",1
14,"ZYQC_053",1
14,"ZYQC_060",1
14,"ZYQC_072",1
14,"ZYQC_084",1
14,"ZYQC_095",1
14,"ZYQC_100",1
14,"ZYQC_104",1
14,"ZYQC_112",1
14,"ZYQC_122",1
14,"ZYQC_123",1
14,"ZYQC_125",1
14,"ZYQC_128",1
14,"ZYQC_132",1
14,"ZYQC_133",1
14,"ZYQC_143",1
14,"ZYYH_050",1
14,"ZYYH_055",1
14,"ZYYH_063",1
14,"ZYYH_071",1
14,"ZYYH_077",1
14,"ZZRM_101",1
14,"ZZRM_105",1
14,"ZZRM_109",1
14,"HZSY_003",2
14,"HZSY_004",2
14,"HZSY_008",2
14,"HZSY_012",2
14,"HZSY_015",2
14,"HZSY_017",2
14,"HZSY_022",2
14,"LSRM_015",2
14,"LXZY_013",2
14,"PHYY_019",2
14,"PHYY_029",2
14,"SLTD_017",2
14,"TZEZ_036",2
14,"TZEZ_038",2
14,"TZEZ_040",2
14,"TZEZ_041",2
14,"TZEZ_043",2
14,"TZEZ_048",2
14,"XARM_037",2
14,"ZDFE_031",2
14,"ZDFE_102",2
14,"ZDFE_104",2
14,"ZDFE_105",2
14,"ZDFE_106",2
14,"ZDFE_109",2
14,"ZDFE_114",2
14,"ZDFE_127",2
14,"ZDFE_131",2
14,"ZYCZ_023",2
14,"ZYCZ_025",2
14,"ZYCZ_028",2
14,"ZYCZ_039",2
14,"ZYQC_052",2
14,"ZYQC_059",2
14,"ZYQC_071",2
14,"ZYQC_073",2
14,"ZYQC_080",2
14,"ZYQC_083",2
14,"ZYQC_101",2
14,"ZYQC_106",2
14,"ZYQC_118",2
14,"ZYQC_119",2
14,"ZYYH_074",2
14,"ZZRM_089",2
14,"ZZRM_093",2
14,"ZZRM_096",2
14,"ZZRM_108",2
14,"HNSR_032",3
14,"HZSY_019",3
14,"JXSY_042",3
14,"LSRM_014",3
14,"LSRM_016",3
14,"PHYY_014",3
14,"PHYY_016",3
14,"PHYY_021",3
14,"SLTD_009",3
14,"SLTD_012",3
14,"SLTD_019",3
14,"SLTD_020",3
14,"SLTD_022",3
14,"TZEZ_024",3
14,"TZEZ_031",3
14,"TZEZ_033",3
14,"TZEZ_057",3
14,"WZZX_021",3
14,"ZDFE_118",3
14,"ZDFE_128",3
14,"ZDFE_129",3
14,"ZDFE_133",3
14,"ZDFE_138",3
14,"ZYCZ_019",3
14,"ZYCZ_020",3
14,"ZYCZ_035",3
14,"ZYQC_055",3
14,"ZYQC_058",3
14,"ZYQC_085",3
14,"ZYQC_096",3
14,"ZYQC_108",3
14,"ZYQC_111",3
14,"ZYQC_114",3
14,"ZYQC_116",3
14,"ZYQC_121",3
14,"ZYQC_124",3
14,"ZYQC_127",3
14,"ZYQC_134",3
14,"ZYYH_041",3
14,"ZYYH_047",3
14,"ZYYH_048",3
14,"ZYYH_057",3
14,"ZYYH_058",3
14,"ZYYH_060",3
14,"ZYYH_061",3
14,"ZYYH_066",3
14,"ZYYH_069",3
14,"HNSR_044",4
14,"JXSY_027",4
14,"JXSY_031",4
14,"JXSY_056",4
14,"LSRM_011",4
14,"PHYY_022",4
14,"PHYY_028",4
14,"SLTD_015",4
14,"SLTD_021",4
14,"SLTD_024",4
14,"TZEZ_030",4
14,"TZEZ_032",4
14,"TZEZ_044",4
14,"TZEZ_059",4
14,"XARM_036",4
14,"ZDFE_103",4
14,"ZDFE_124",4
14,"ZDFE_125",4
14,"ZDFE_136",4
14,"ZDFE_137",4
14,"ZYCZ_018",4
14,"ZYCZ_029",4
14,"ZYCZ_030",4
14,"ZYCZ_032",4
14,"ZYCZ_036",4
14,"ZYQC_040",4
14,"ZYQC_048",4
14,"ZYQC_051",4
14,"ZYQC_056",4
14,"ZYQC_065",4
14,"ZYQC_075",4
14,"ZYQC_076",4
14,"ZYQC_081",4
14,"ZYQC_102",4
14,"ZYQC_105",4
14,"ZYQC_109",4
14,"ZYQC_110",4
14,"ZYQC_113",4
14,"ZYQC_126",4
14,"ZYYH_049",4
14,"ZYYH_051",4
14,"ZYYH_053",4
14,"ZYYH_067",4
14,"ZYYH_070",4
14,"ZYYH_072",4
14,"ZZRM_103",4
14,"ZZRM_104",4
14,"HNSR_058",5
14,"HZSY_009",5
14,"HZSY_023",5
14,"JXSY_033",5
14,"JXSY_036",5
14,"JXSY_038",5
14,"JXSY_051",5
14,"LXZY_011",5
14,"LXZY_014",5
14,"LXZY_015",5
14,"PHYY_026",5
14,"PHYY_031",5
14,"SLTD_010",5
14,"TZEZ_018",5
14,"TZEZ_022",5
14,"TZEZ_050",5
14,"TZEZ_053",5
14,"TZEZ_055",5
14,"TZEZ_060",5
14,"WZZX_020",5
14,"ZDFE_113",5
14,"ZDFE_115",5
14,"ZDFE_119",5
14,"ZDFE_135",5
14,"ZYCZ_034",5
14,"ZYQC_039",5
14,"ZYQC_050",5
14,"ZYQC_057",5
14,"ZYQC_067",5
14,"ZYQC_068",5
14,"ZYQC_074",5
14,"ZYQC_089",5
14,"ZYQC_090",5
14,"ZYQC_093",5
14,"ZYQC_094",5
14,"ZYQC_097",5
14,"ZYQC_098",5
14,"ZYQC_103",5
14,"ZYQC_115",5
14,"ZYQC_120",5
14,"ZYQC_135",5
14,"ZYYH_056",5
14,"ZYYH_062",5
14,"ZZRM_097",5
14,"ZZRM_102",5
14,"ZZRM_111",5
14,"ZZRM_115",5
15,"HZSY_008",1
15,"HZSY_015",1
15,"JXSY_027",1
15,"JXSY_036",1
15,"JXSY_056",1
15,"LSRM_011",1
15,"PHYY_028",1
15,"SLTD_019",1
15,"SLTD_021",1
15,"TZEZ_018",1
15,"TZEZ_022",1
15,"TZEZ_040",1
15,"TZEZ_043",1
15,"TZEZ_048",1
15,"TZEZ_051",1
15,"TZEZ_055",1
15,"TZEZ_060",1
15,"WZZX_020",1
15,"ZDFE_125",1
15,"ZYCZ_018",1
15,"ZYCZ_027",1
15,"ZYCZ_038",1
15,"ZYCZ_039",1
15,"ZYQC_051",1
15,"ZYQC_052",1
15,"ZYQC_053",1
15,"ZYQC_058",1
15,"ZYQC_076",1
15,"ZYQC_083",1
15,"ZYQC_090",1
15,"ZYQC_098",1
15,"ZYQC_110",1
15,"ZYQC_112",1
15,"ZYQC_113",1
15,"ZYQC_115",1
15,"ZYQC_118",1
15,"ZYQC_120",1
15,"ZYQC_122",1
15,"ZYQC_133",1
15,"ZYQC_143",1
15,"ZYYH_041",1
15,"ZYYH_050",1
15,"ZYYH_056",1
15,"ZYYH_066",1
15,"ZYYH_069",1
15,"ZYYH_077",1
15,"ZZRM_096",1
15,"ZZRM_105",1
15,"HZSY_004",2
15,"HZSY_012",2
15,"HZSY_017",2
15,"JXSY_031",2
15,"JXSY_039",2
15,"JXSY_050",2
15,"LSRM_016",2
15,"LXZY_011",2
15,"LXZY_013",2
15,"LXZY_014",2
15,"PHYY_019",2
15,"TZEZ_002",2
15,"TZEZ_030",2
15,"TZEZ_031",2
15,"TZEZ_033",2
15,"TZEZ_041",2
15,"TZEZ_059",2
15,"ZDFE_130",2
15,"ZDFE_131",2
15,"ZDFE_135",2
15,"ZYCZ_019",2
15,"ZYCZ_020",2
15,"ZYCZ_029",2
15,"ZYCZ_030",2
15,"ZYCZ_032",2
15,"ZYCZ_034",2
15,"ZYQC_040",2
15,"ZYQC_047",2
15,"ZYQC_057",2
15,"ZYQC_059",2
15,"ZYQC_060",2
15,"ZYQC_074",2
15,"ZYQC_100",2
15,"ZYQC_121",2
15,"ZYQC_123",2
15,"ZYQC_126",2
15,"ZYQC_132",2
15,"ZYQC_135",2
15,"ZYYH_048",2
15,"ZYYH_049",2
15,"ZYYH_060",2
15,"ZYYH_063",2
15,"ZYYH_074",2
15,"ZZRM_101",2
15,"ZZRM_109",2
15,"ZZRM_111",2
15,"ZZRM_115",2
15,"HNSR_044",3
15,"HZSY_019",3
15,"HZSY_022",3
15,"HZSY_023",3
15,"JXSY_033",3
15,"LSRM_015",3
15,"LXZY_015",3
15,"PHYY_016",3
15,"SLTD_012",3
15,"SLTD_015",3
15,"SLTD_017",3
15,"SLTD_020",3
15,"TZEZ_024",3
15,"TZEZ_029",3
15,"TZEZ_053",3
15,"TZEZ_056",3
15,"WZZX_021",3
15,"XARM_036",3
15,"ZDFE_104",3
15,"ZDFE_114",3
15,"ZDFE_117",3
15,"ZDFE_127",3
15,"ZDFE_133",3
15,"ZDFE_137",3
15,"ZYCZ_023",3
15,"ZYCZ_025",3
15,"ZYCZ_026",3
15,"ZYCZ_035",3
15,"ZYCZ_036",3
15,"ZYQC_048",3
15,"ZYQC_065",3
15,"ZYQC_071",3
15,"ZYQC_075",3
15,"ZYQC_081",3
15,"ZYQC_085",3
15,"ZYQC_104",3
15,"ZYQC_108",3
15,"ZYQC_116",3
15,"ZYQC_124",3
15,"ZYQC_128",3
15,"ZYYH_047",3
15,"ZYYH_057",3
15,"ZYYH_062",3
15,"ZYYH_067",3
15,"ZZRM_089",3
15,"ZZRM_093",3
15,"ZZRM_104",3
15,"HNSR_058",4
15,"HZSY_003",4
15,"JXSY_041",4
15,"JXSY_042",4
15,"JXSY_052",4
15,"PHYY_021",4
15,"PHYY_022",4
15,"PHYY_029",4
15,"SLTD_009",4
15,"SLTD_010",4
15,"TZEZ_032",4
15,"TZEZ_036",4
15,"TZEZ_038",4
15,"TZEZ_044",4
15,"TZEZ_050",4
15,"TZEZ_057",4
15,"TZEZ_061",4
15,"XARM_037",4
15,"ZDFE_031",4
15,"ZDFE_101",4
15,"ZDFE_102",4
15,"ZDFE_109",4
15,"ZDFE_119",4
15,"ZDFE_124",4
15,"ZDFE_134",4
15,"ZDFE_136",4
15,"ZYCZ_028",4
15,"ZYCZ_033",4
15,"ZYQC_042",4
15,"ZYQC_049",4
15,"ZYQC_050",4
15,"ZYQC_080",4
15,"ZYQC_093",4
15,"ZYQC_094",4
15,"ZYQC_096",4
15,"ZYQC_102",4
15,"ZYQC_103",4
15,"ZYQC_105",4
15,"ZYQC_109",4
15,"ZYQC_111",4
15,"ZYQC_114",4
15,"ZYQC_127",4
15,"ZYQC_134",4
15,"ZYYH_051",4
15,"ZYYH_058",4
15,"ZYYH_061",4
15,"ZZRM_108",4
15,"HNSR_032",5
15,"HZSY_005",5
15,"HZSY_009",5
15,"JXSY_023",5
15,"JXSY_038",5
15,"JXSY_051",5
15,"LSRM_014",5
15,"PHYY_014",5
15,"PHYY_023",5
15,"PHYY_026",5
15,"PHYY_031",5
15,"SLTD_022",5
15,"SLTD_024",5
15,"TZEZ_045",5
15,"ZDFE_103",5
15,"ZDFE_105",5
15,"ZDFE_106",5
15,"ZDFE_113",5
15,"ZDFE_115",5
15,"ZDFE_118",5
15,"ZDFE_128",5
15,"ZDFE_129",5
15,"ZDFE_138",5
15,"ZYQC_039",5
15,"ZYQC_045",5
15,"ZYQC_055",5
15,"ZYQC_056",5
15,"ZYQC_067",5
15,"ZYQC_068",5
15,"ZYQC_072",5
15,"ZYQC_073",5
15,"ZYQC_084",5
15,"ZYQC_089",5
15,"ZYQC_095",5
15,"ZYQC_097",5
15,"ZYQC_101",5
15,"ZYQC_106",5
15,"ZYQC_119",5
15,"ZYQC_125",5
15,"ZYYH_053",5
15,"ZYYH_055",5
15,"ZYYH_070",5
15,"ZYYH_071",5
15,"ZYYH_072",5
15,"ZZRM_097",5
15,"ZZRM_102",5
15,"ZZRM_103",5
16,"HNSR_032",1
16,"HZSY_017",1
16,"HZSY_023",1
16,"JXSY_027",1
16,"JXSY_033",1
16,"JXSY_036",1
16,"JXSY_038",1
16,"JXSY_050",1
16,"LSRM_016",1
16,"LXZY_011",1
16,"LXZY_013",1
16,"LXZY_015",1
16,"PHYY_014",1
16,"PHYY_021",1
16,"SLTD_009",1
16,"TZEZ_002",1
16,"TZEZ_032",1
16,"TZEZ_043",1
16,"TZEZ_055",1
16,"TZEZ_059",1
16,"TZEZ_060",1
16,"TZEZ_061",1
16,"WZZX_020",1
16,"WZZX_021",1
16,"XARM_037",1
16,"ZDFE_102",1
16,"ZDFE_109",1
16,"ZDFE_115",1
16,"ZDFE_117",1
16,"ZDFE_135",1
16,"ZDFE_136",1
16,"ZYCZ_020",1
16,"ZYCZ_036",1
16,"ZYCZ_039",1
16,"ZYQC_042",1
16,"ZYQC_047",1
16,"ZYQC_056",1
16,"ZYQC_059",1
16,"ZYQC_060",1
16,"ZYQC_103",1
16,"ZYQC_114",1
16,"ZYQC_118",1
16,"ZYQC_143",1
16,"ZYYH_069",1
16,"ZZRM_097",1
16,"ZZRM_108",1
16,"ZZRM_109",1
16,"ZZRM_115",1
16,"HNSR_058",2
16,"HZSY_005",2
16,"HZSY_008",2
16,"HZSY_012",2
16,"LSRM_011",2
16,"PHYY_031",2
16,"TZEZ_024",2
16,"TZEZ_033",2
16,"TZEZ_036",2
16,"TZEZ_041",2
16,"TZEZ_048",2
16,"TZEZ_050",2
16,"TZEZ_056",2
16,"ZDFE_104",2
16,"ZDFE_106",2
16,"ZDFE_128",2
16,"ZDFE_129",2
16,"ZDFE_137",2
16,"ZYCZ_019",2
16,"ZYCZ_030",2
16,"ZYCZ_032",2
16,"ZYCZ_033",2
16,"ZYCZ_034",2
16,"ZYQC_051",2
16,"ZYQC_053",2
16,"ZYQC_065",2
16,"ZYQC_067",2
16,"ZYQC_072",2
16,"ZYQC_081",2
16,"ZYQC_083",2
16,"ZYQC_090",2
16,"ZYQC_093",2
16,"ZYQC_105",2
16,"ZYQC_110",2
16,"ZYQC_112",2
16,"ZYQC_115",2
16,"ZYQC_121",2
16,"ZYQC_122",2
16,"ZYQC_123",2
16,"ZYQC_128",2
16,"ZYYH_055",2
16,"ZYYH_056",2
16,"ZYYH_058",2
16,"ZYYH_061",2
16,"ZYYH_067",2
16,"ZYYH_077",2
16,"ZZRM_089",2
16,"HZSY_004",3
16,"HZSY_022",3
16,"JXSY_056",3
16,"LSRM_014",3
16,"LSRM_015",3
16,"PHYY_016",3
16,"PHYY_023",3
16,"SLTD_017",3
16,"SLTD_022",3
16,"TZEZ_031",3
16,"TZEZ_044",3
16,"TZEZ_053",3
16,"ZDFE_114",3
16,"ZDFE_118",3
16,"ZDFE_124",3
16,"ZDFE_131",3
16,"ZDFE_133",3
16,"ZDFE_138",3
16,"ZYCZ_023",3
16,"ZYCZ_025",3
16,"ZYCZ_026",3
16,"ZYCZ_028",3
16,"ZYCZ_038",3
16,"ZYQC_039",3
16,"ZYQC_040",3
16,"ZYQC_050",3
16,"ZYQC_055",3
16,"ZYQC_058",3
16,"ZYQC_068",3
16,"ZYQC_075",3
16,"ZYQC_095",3
16,"ZYQC_098",3
16,"ZYQC_100",3
16,"ZYQC_102",3
16,"ZYQC_104",3
16,"ZYQC_108",3
16,"ZYQC_109",3
16,"ZYQC_119",3
16,"ZYQC_132",3
16,"ZYYH_049",3
16,"ZYYH_051",3
16,"ZYYH_057",3
16,"ZYYH_060",3
16,"ZYYH_071",3
16,"ZZRM_101",3
16,"ZZRM_103",3
16,"ZZRM_104",3
16,"HZSY_003",4
16,"HZSY_009",4
16,"HZSY_015",4
16,"HZSY_019",4
16,"JXSY_023",4
16,"JXSY_041",4
16,"LXZY_014",4
16,"SLTD_010",4
16,"SLTD_012",4
16,"SLTD_015",4
16,"SLTD_024",4
16,"TZEZ_018",4
16,"TZEZ_030",4
16,"TZEZ_045",4
16,"TZEZ_051",4
16,"ZDFE_105",4
16,"ZDFE_119",4
16,"ZDFE_130",4
16,"ZYCZ_018",4
16,"ZYCZ_027",4
16,"ZYCZ_035",4
16,"ZYQC_049",4
16,"ZYQC_057",4
16,"ZYQC_074",4
16,"ZYQC_076",4
16,"ZYQC_080",4
16,"ZYQC_084",4
16,"ZYQC_089",4
16,"ZYQC_094",4
16,"ZYQC_096",4
16,"ZYQC_101",4
16,"ZYQC_106",4
16,"ZYQC_113",4
16,"ZYQC_116",4
16,"ZYQC_120",4
16,"ZYQC_124",4
16,"ZYQC_133",4
16,"ZYQC_134",4
16,"ZYYH_048",4
16,"ZYYH_050",4
16,"ZYYH_062",4
16,"ZYYH_066",4
16,"ZYYH_070",4
16,"ZYYH_074",4
16,"ZZRM_093",4
16,"ZZRM_096",4
16,"ZZRM_102",4
16,"HNSR_044",5
16,"JXSY_031",5
16,"JXSY_039",5
16,"JXSY_042",5
16,"JXSY_051",5
16,"JXSY_052",5
16,"PHYY_019",5
16,"PHYY_022",5
16,"PHYY_026",5
16,"PHYY_028",5
16,"PHYY_029",5
16,"SLTD_019",5
16,"SLTD_020",5
16,"SLTD_021",5
16,"TZEZ_022",5
16,"TZEZ_029",5
16,"TZEZ_038",5
16,"TZEZ_040",5
16,"TZEZ_057",5
16,"XARM_036",5
16,"ZDFE_031",5
16,"ZDFE_101",5
16,"ZDFE_103",5
16,"ZDFE_113",5
16,"ZDFE_125",5
16,"ZDFE_127",5
16,"ZDFE_134",5
16,"ZYCZ_029",5
16,"ZYQC_045",5
16,"ZYQC_048",5
16,"ZYQC_052",5
16,"ZYQC_071",5
16,"ZYQC_073",5
16,"ZYQC_085",5
16,"ZYQC_097",5
16,"ZYQC_111",5
16,"ZYQC_125",5
16,"ZYQC_126",5
16,"ZYQC_127",5
16,"ZYQC_135",5
16,"ZYYH_041",5
16,"ZYYH_047",5
16,"ZYYH_053",5
16,"ZYYH_063",5
16,"ZYYH_072",5
16,"ZZRM_105",5
16,"ZZRM_111",5
17,"HNSR_032",1
17,"HNSR_058",1
17,"JXSY_023",1
17,"JXSY_027",1
17,"JXSY_039",1
17,"LSRM_014",1
17,"PHYY_016",1
17,"SLTD_009",1
17,"SLTD_012",1
17,"SLTD_015",1
17,"TZEZ_030",1
17,"TZEZ_031",1
17,"TZEZ_038",1
17,"TZEZ_041",1
17,"TZEZ_051",1
17,"ZDFE_031",1
17,"ZDFE_101",1
17,"ZDFE_103",1
17,"ZDFE_117",1
17,"ZDFE_124",1
17,"ZDFE_129",1
17,"ZYCZ_027",1
17,"ZYCZ_028",1
17,"ZYCZ_032",1
17,"ZYQC_039",1
17,"ZYQC_053",1
17,"ZYQC_065",1
17,"ZYQC_072",1
17,"ZYQC_073",1
17,"ZYQC_074",1
17,"ZYQC_075",1
17,"ZYQC_081",1
17,"ZYQC_084",1
17,"ZYQC_093",1
17,"ZYQC_095",1
17,"ZYQC_096",1
17,"ZYQC_098",1
17,"ZYQC_119",1
17,"ZYQC_132",1
17,"ZYYH_047",1
17,"ZYYH_049",1
17,"ZYYH_050",1
17,"ZYYH_051",1
17,"ZYYH_062",1
17,"ZZRM_104",1
17,"ZZRM_105",1
17,"ZZRM_108",1
17,"ZZRM_115",1
17,"HZSY_004",2
17,"HZSY_009",2
17,"HZSY_012",2
17,"JXSY_041",2
17,"LXZY_011",2
17,"LXZY_015",2
17,"PHYY_021",2
17,"PHYY_029",2
17,"TZEZ_033",2
17,"TZEZ_050",2
17,"TZEZ_055",2
17,"TZEZ_056",2
17,"WZZX_021",2
17,"ZDFE_128",2
17,"ZDFE_130",2
17,"ZYCZ_023",2
17,"ZYCZ_036",2
17,"ZYQC_042",2
17,"ZYQC_048",2
17,"ZYQC_051",2
17,"ZYQC_057",2
17,"ZYQC_059",2
17,"ZYQC_068",2
17,"ZYQC_071",2
17,"ZYQC_080",2
17,"ZYQC_097",2
17,"ZYQC_101",2
17,"ZYQC_102",2
17,"ZYQC_108",2
17,"ZYQC_109",2
17,"ZYQC_115",2
17,"ZYQC_116",2
17,"ZYQC_124",2
17,"ZYQC_128",2
17,"ZYQC_133",2
17,"ZYYH_048",2
17,"ZYYH_055",2
17,"ZYYH_056",2
17,"ZYYH_058",2
17,"ZYYH_060",2
17,"ZYYH_061",2
17,"ZYYH_067",2
17,"ZYYH_069",2
17,"ZYYH_070",2
17,"ZZRM_096",2
17,"ZZRM_097",2
17,"ZZRM_103",2
17,"HZSY_015",3
17,"HZSY_022",3
17,"JXSY_042",3
17,"JXSY_056",3
17,"LSRM_015",3
17,"PHYY_022",3
17,"PHYY_026",3
17,"SLTD_019",3
17,"SLTD_022",3
17,"TZEZ_002",3
17,"TZEZ_018",3
17,"TZEZ_022",3
17,"TZEZ_032",3
17,"TZEZ_043",3
17,"TZEZ_060",3
17,"TZEZ_061",3
17,"ZDFE_106",3
17,"ZDFE_119",3
17,"ZDFE_127",3
17,"ZDFE_133",3
17,"ZDFE_135",3
17,"ZDFE_138",3
17,"ZYCZ_020",3
17,"ZYCZ_029",3
17,"ZYCZ_030",3
17,"ZYCZ_034",3
17,"ZYQC_040",3
17,"ZYQC_047",3
17,"ZYQC_050",3
17,"ZYQC_083",3
17,"ZYQC_090",3
17,"ZYQC_094",3
17,"ZYQC_100",3
17,"ZYQC_103",3
17,"ZYQC_118",3
17,"ZYQC_120",3
17,"ZYQC_121",3
17,"ZYQC_122",3
17,"ZYQC_123",3
17,"ZYQC_135",3
17,"ZYQC_143",3
17,"ZYYH_053",3
17,"ZYYH_057",3
17,"ZYYH_066",3
17,"ZYYH_074",3
17,"ZZRM_101",3
17,"ZZRM_111",3
17,"HZSY_003",4
17,"HZSY_008",4
17,"JXSY_033",4
17,"JXSY_036",4
17,"JXSY_052",4
17,"LSRM_016",4
17,"PHYY_014",4
17,"SLTD_017",4
17,"SLTD_021",4
17,"SLTD_024",4
17,"TZEZ_024",4
17,"TZEZ_040",4
17,"TZEZ_045",4
17,"TZEZ_048",4
17,"TZEZ_053",4
17,"TZEZ_059",4
17,"XARM_036",4
17,"XARM_037",4
17,"ZDFE_102",4
17,"ZDFE_104",4
17,"ZDFE_105",4
17,"ZDFE_109",4
17,"ZDFE_115",4
17,"ZDFE_125",4
17,"ZDFE_131",4
17,"ZDFE_136",4
17,"ZYCZ_033",4
17,"ZYCZ_035",4
17,"ZYCZ_039",4
17,"ZYQC_052",4
17,"ZYQC_055",4
17,"ZYQC_056",4
17,"ZYQC_058",4
17,"ZYQC_076",4
17,"ZYQC_089",4
17,"ZYQC_104",4
17,"ZYQC_110",4
17,"ZYQC_111",4
17,"ZYQC_112",4
17,"ZYQC_114",4
17,"ZYQC_126",4
17,"ZYQC_134",4
17,"ZYYH_041",4
17,"ZYYH_071",4
17,"ZYYH_072",4
17,"ZZRM_102",4
17,"ZZRM_109",4
17,"HNSR_044",5
17,"HZSY_005",5
17,"HZSY_017",5
17,"HZSY_019",5
17,"HZSY_023",5
17,"JXSY_031",5
17,"JXSY_038",5
17,"JXSY_050",5
17,"JXSY_051",5
17,"LSRM_011",5
17,"LXZY_013",5
17,"LXZY_014",5
17,"PHYY_019",5
17,"PHYY_023",5
17,"PHYY_028",5
17,"PHYY_031",5
17,"SLTD_010",5
17,"SLTD_020",5
17,"TZEZ_029",5
17,"TZEZ_036",5
17,"TZEZ_044",5
17,"TZEZ_057",5
17,"WZZX_020",5
17,"ZDFE_113",5
17,"ZDFE_114",5
17,"ZDFE_118",5
17,"ZDFE_134",5
17,"ZDFE_137",5
17,"ZYCZ_018",5
17,"ZYCZ_019",5
17,"ZYCZ_025",5
17,"ZYCZ_026",5
17,"ZYCZ_038",5
17,"ZYQC_045",5
17,"ZYQC_049",5
17,"ZYQC_060",5
17,"ZYQC_067",5
17,"ZYQC_085",5
17,"ZYQC_105",5
17,"ZYQC_106",5
17,"ZYQC_113",5
17,"ZYQC_125",5
17,"ZYQC_127",5
17,"ZYYH_063",5
17,"ZYYH_077",5
17,"ZZRM_089",5
17,"ZZRM_093",5
18,"HZSY_004",1
18,"HZSY_015",1
18,"HZSY_017",1
18,"HZSY_019",1
18,"HZSY_023",1
18,"JXSY_038",1
18,"LXZY_013",1
18,"LXZY_014",1
18,"LXZY_015",1
18,"PHYY_028",1
18,"SLTD_009",1
18,"TZEZ_018",1
18,"TZEZ_029",1
18,"TZEZ_048",1
18,"TZEZ_057",1
18,"ZDFE_104",1
18,"ZDFE_113",1
18,"ZDFE_124",1
18,"ZDFE_134",1
18,"ZDFE_136",1
18,"ZYCZ_035",1
18,"ZYQC_042",1
18,"ZYQC_047",1
18,"ZYQC_051",1
18,"ZYQC_071",1
18,"ZYQC_072",1
18,"ZYQC_095",1
18,"ZYQC_102",1
18,"ZYQC_103",1
18,"ZYQC_104",1
18,"ZYQC_112",1
18,"ZYQC_118",1
18,"ZYQC_119",1
18,"ZYQC_121",1
18,"ZYQC_122",1
18,"ZYQC_123",1
18,"ZYQC_124",1
18,"ZYQC_126",1
18,"ZYQC_132",1
18,"ZYYH_048",1
18,"ZYYH_053",1
18,"ZYYH_056",1
18,"ZYYH_057",1
18,"ZYYH_062",1
18,"ZYYH_069",1
18,"ZYYH_072",1
18,"ZZRM_101",1
18,"ZZRM_109",1
18,"HZSY_022",2
18,"JXSY_050",2
18,"LSRM_014",2
18,"LSRM_016",2
18,"PHYY_019",2
18,"PHYY_031",2
18,"SLTD_021",2
18,"TZEZ_036",2
18,"TZEZ_040",2
18,"TZEZ_044",2
18,"TZEZ_056",2
18,"WZZX_020",2
18,"ZDFE_031",2
18,"ZDFE_103",2
18,"ZDFE_106",2
18,"ZDFE_109",2
18,"ZDFE_115",2
18,"ZDFE_119",2
18,"ZDFE_133",2
18,"ZDFE_138",2
18,"ZYCZ_034",2
18,"ZYCZ_036",2
18,"ZYQC_049",2
18,"ZYQC_055",2
18,"ZYQC_057",2
18,"ZYQC_065",2
18,"ZYQC_073",2
18,"ZYQC_075",2
18,"ZYQC_080",2
18,"ZYQC_085",2
18,"ZYQC_090",2
18,"ZYQC_093",2
18,"ZYQC_098",2
18,"ZYQC_100",2
18,"ZYQC_108",2
18,"ZYQC_113",2
18,"ZYQC_115",2
18,"ZYQC_127",2
18,"ZYYH_047",2
18,"ZYYH_050",2
18,"ZYYH_060",2
18,"ZYYH_061",2
18,"ZYYH_067",2
18,"ZYYH_070",2
18,"ZYYH_077",2
18,"ZZRM_093",2
18,"ZZRM_096",2
18,"HZSY_003",3
18,"HZSY_005",3
18,"JXSY_023",3
18,"JXSY_056",3
18,"LSRM_011",3
18,"PHYY_021",3
18,"PHYY_023",3
18,"PHYY_026",3
18,"PHYY_029",3
18,"SLTD_010",3
18,"TZEZ_030",3
18,"TZEZ_032",3
18,"TZEZ_033",3
18,"TZEZ_045",3
18,"TZEZ_050",3
18,"TZEZ_051",3
18,"TZEZ_060",3
18,"XARM_037",3
18,"ZDFE_105",3
18,"ZDFE_117",3
18,"ZDFE_118",3
18,"ZDFE_128",3
18,"ZDFE_129",3
18,"ZYCZ_019",3
18,"ZYCZ_026",3
18,"ZYCZ_030",3
18,"ZYCZ_033",3
18,"ZYCZ_038",3
18,"ZYQC_039",3
18,"ZYQC_050",3
18,"ZYQC_053",3
18,"ZYQC_058",3
18,"ZYQC_074",3
18,"ZYQC_076",3
18,"ZYQC_081",3
18,"ZYQC_084",3
18,"ZYQC_089",3
18,"ZYQC_094",3
18,"ZYQC_096",3
18,"ZYQC_097",3
18,"ZYQC_105",3
18,"ZYQC_106",3
18,"ZYQC_116",3
18,"ZYYH_063",3
18,"ZZRM_102",3
18,"ZZRM_103",3
18,"ZZRM_105",3
18,"HNSR_044",4
18,"HNSR_058",4
18,"JXSY_027",4
18,"JXSY_031",4
18,"JXSY_039",4
18,"JXSY_041",4
18,"LXZY_011",4
18,"PHYY_016",4
18,"PHYY_022",4
18,"SLTD_017",4
18,"SLTD_022",4
18,"TZEZ_002",4
18,"TZEZ_022",4
18,"TZEZ_038",4
18,"TZEZ_059",4
18,"TZEZ_061",4
18,"ZDFE_114",4
18,"ZDFE_125",4
18,"ZDFE_131",4
18,"ZDFE_135",4
18,"ZDFE_137",4
18,"ZYCZ_018",4
18,"ZYCZ_023",4
18,"ZYCZ_025",4
18,"ZYCZ_028",4
18,"ZYCZ_032",4
18,"ZYQC_040",4
18,"ZYQC_045",4
18,"ZYQC_048",4
18,"ZYQC_052",4
18,"ZYQC_059",4
18,"ZYQC_060",4
18,"ZYQC_067",4
18,"ZYQC_068",4
18,"ZYQC_083",4
18,"ZYQC_101",4
18,"ZYQC_125",4
18,"ZYQC_134",4
18,"ZYQC_143",4
18,"ZYYH_051",4
18,"ZYYH_055",4
18,"ZYYH_071",4
18,"ZYYH_074",4
18,"ZZRM_089",4
18,"ZZRM_104",4
18,"ZZRM_108",4
18,"ZZRM_111",4
18,"HNSR_032",5
18,"HZSY_008",5
18,"HZSY_009",5
18,"HZSY_012",5
18,"JXSY_033",5
18,"JXSY_036",5
18,"JXSY_042",5
18,"JXSY_051",5
18,"JXSY_052",5
18,"LSRM_015",5
18,"PHYY_014",5
18,"SLTD_012",5
18,"SLTD_015",5
18,"SLTD_019",5
18,"SLTD_020",5
18,"SLTD_024",5
18,"TZEZ_024",5
18,"TZEZ_031",5
18,"TZEZ_041",5
18,"TZEZ_043",5
18,"TZEZ_053",5
18,"TZEZ_055",5
18,"WZZX_021",5
18,"XARM_036",5
18,"ZDFE_101",5
18,"ZDFE_102",5
18,"ZDFE_127",5
18,"ZDFE_130",5
18,"ZYCZ_020",5
18,"ZYCZ_027",5
18,"ZYCZ_029",5
18,"ZYCZ_039",5
18,"ZYQC_056",5
18,"ZYQC_109",5
18,"ZYQC_110",5
18,"ZYQC_111",5
18,"ZYQC_114",5
18,"ZYQC_120",5
18,"ZYQC_128",5
18,"ZYQC_133",5
18,"ZYQC_135",5
18,"ZYYH_041",5
18,"ZYYH_049",5
18,"ZYYH_058",5
18,"ZYYH_066",5
18,"ZZRM_097",5
18,"ZZRM_115",5
19,"HNSR_058",1
19,"HZSY_022",1
19,"JXSY_038",1
19,"JXSY_039",1
19,"PHYY_021",1
19,"PHYY_026",1
19,"SLTD_010",1
19,"SLTD_017",1
19,"SLTD_019",1
19,"SLTD_022",1
19,"SLTD_024",1
19,"TZEZ_024",1
19,"TZEZ_032",1
19,"TZEZ_038",1
19,"TZEZ_040",1
19,"TZEZ_043",1
19,"TZEZ_044",1
19,"TZEZ_050",1
19,"TZEZ_056",1
19,"WZZX_021",1
19,"ZDFE_113",1
19,"ZYCZ_018",1
19,"ZYCZ_019",1
19,"ZYCZ_020",1
19,"ZYCZ_027",1
19,"ZYCZ_034",1
19,"ZYQC_045",1
19,"ZYQC_049",1
19,"ZYQC_052",1
19,"ZYQC_056",1
19,"ZYQC_065",1
19,"ZYQC_084",1
19,"ZYQC_101",1
19,"ZYQC_102",1
19,"ZYQC_103",1
19,"ZYQC_106",1
19,"ZYQC_109",1
19,"ZYQC_115",1
19,"ZYQC_118",1
19,"ZYQC_121",1
19,"ZYQC_122",1
19,"ZYQC_125",1
19,"ZYQC_126",1
19,"ZYQC_128",1
19,"ZYYH_050",1
19,"ZYYH_058",1
19,"ZYYH_070",1
19,"ZZRM_097",1
19,"HZSY_003",2
19,"HZSY_004",2
19,"HZSY_008",2
19,"HZSY_023",2
19,"JXSY_023",2
19,"JXSY_041",2
19,"PHYY_016",2
19,"SLTD_009",2
19,"TZEZ_002",2
19,"TZEZ_022",2
19,"TZEZ_031",2
19,"TZEZ_048",2
19,"TZEZ_055",2
19,"TZEZ_059",2
19,"TZEZ_060",2
19,"TZEZ_061",2
19,"XARM_037",2
19,"ZDFE_118",2
19,"ZDFE_125",2
19,"ZDFE_127",2
19,"ZDFE_128",2
19,"ZYCZ_028",2
19,"ZYCZ_030",2
19,"ZYCZ_032",2
19,"ZYCZ_035",2
19,"ZYQC_039",2
19,"ZYQC_067",2
19,"ZYQC_076",2
19,"ZYQC_083",2
19,"ZYQC_090",2
19,"ZYQC_093",2
19,"ZYQC_096",2
19,"ZYQC_105",2
19,"ZYQC_111",2
19,"ZYQC_113",2
19,"ZYQC_116",2
19,"ZYQC_120",2
19,"ZYQC_134",2
19,"ZYYH_051",2
19,"ZYYH_057",2
19,"ZYYH_063",2
19,"ZYYH_077",2
19,"ZZRM_096",2
19,"ZZRM_105",2
19,"ZZRM_108",2
19,"ZZRM_111",2
19,"ZZRM_115",2
19,"HZSY_009",3
19,"JXSY_027",3
19,"JXSY_036",3
19,"JXSY_050",3
19,"JXSY_051",3
19,"LSRM_011",3
19,"LXZY_011",3
19,"LXZY_015",3
19,"PHYY_022",3
19,"SLTD_015",3
19,"TZEZ_029",3
19,"TZEZ_045",3
19,"TZEZ_051",3
19,"TZEZ_053",3
19,"WZZX_020",3
19,"ZDFE_101",3
19,"ZDFE_103",3
19,"ZDFE_105",3
19,"ZDFE_114",3
19,"ZDFE_115",3
19,"ZDFE_130",3
19,"ZYCZ_026",3
19,"ZYCZ_033",3
19,"ZYCZ_038",3
19,"ZYCZ_039",3
19,"ZYQC_047",3
19,"ZYQC_053",3
19,"ZYQC_075",3
19,"ZYQC_081",3
19,"ZYQC_095",3
19,"ZYQC_098",3
19,"ZYQC_100",3
19,"ZYQC_104",3
19,"ZYQC_110",3
19,"ZYQC_114",3
19,"ZYQC_123",3
19,"ZYQC_133",3
19,"ZYQC_143",3
19,"ZYYH_041",3
19,"ZYYH_049",3
19,"ZYYH_060",3
19,"ZYYH_062",3
19,"ZYYH_072",3
19,"ZYYH_074",3
19,"ZZRM_103",3
19,"ZZRM_104",3
19,"ZZRM_109",3
19,"HNSR_044",4
19,"HZSY_012",4
19,"HZSY_017",4
19,"JXSY_042",4
19,"LSRM_014",4
19,"LSRM_015",4
19,"LSRM_016",4
19,"LXZY_013",4
19,"PHYY_014",4
19,"PHYY_028",4
19,"PHYY_031",4
19,"SLTD_012",4
19,"SLTD_020",4
19,"TZEZ_033",4
19,"TZEZ_036",4
19,"TZEZ_057",4
19,"XARM_036",4
19,"ZDFE_109",4
19,"ZDFE_119",4
19,"ZDFE_124",4
19,"ZDFE_129",4
19,"ZDFE_134",4
19,"ZDFE_135",4
19,"ZDFE_137",4
19,"ZDFE_138",4
19,"ZYCZ_023",4
19,"ZYQC_040",4
19,"ZYQC_042",4
19,"ZYQC_055",4
19,"ZYQC_060",4
19,"ZYQC_072",4
19,"ZYQC_073",4
19,"ZYQC_085",4
19,"ZYQC_089",4
19,"ZYQC_094",4
19,"ZYQC_097",4
19,"ZYQC_119",4
19,"ZYQC_124",4
19,"ZYQC_127",4
19,"ZYYH_047",4
19,"ZYYH_048",4
19,"ZYYH_053",4
19,"ZYYH_055",4
19,"ZYYH_066",4
19,"ZZRM_093",4
19,"ZZRM_101",4
19,"ZZRM_102",4
19,"HNSR_032",5
19,"HZSY_005",5
19,"HZSY_015",5
19,"HZSY_019",5
19,"JXSY_031",5
19,"JXSY_033",5
19,"JXSY_052",5
19,"JXSY_056",5
19,"LXZY_014",5
19,"PHYY_019",5
19,"PHYY_023",5
19,"PHYY_029",5
19,"SLTD_021",5
19,"TZEZ_018",5
19,"TZEZ_030",5
19,"TZEZ_041",5
19,"ZDFE_031",5
19,"ZDFE_102",5
19,"ZDFE_104",5
19,"ZDFE_106",5
19,"ZDFE_117",5
19,"ZDFE_131",5
19,"ZDFE_133",5
19,"ZDFE_136",5
19,"ZYCZ_025",5
19,"ZYCZ_029",5
19,"ZYCZ_036",5
19,"ZYQC_048",5
19,"ZYQC_050",5
19,"ZYQC_051",5
19,"ZYQC_057",5
19,"ZYQC_058",5
19,"ZYQC_059",5
19,"ZYQC_068",5
19,"ZYQC_071",5
19,"ZYQC_074",5
19,"ZYQC_080",5
19,"ZYQC_108",5
19,"ZYQC_112",5
19,"ZYQC_132",5
19,"ZYQC_135",5
19,"ZYYH_056",5
19,"ZYYH_061",5
19,"ZYYH_067",5
19,"ZYYH_069",5
19,"ZYYH_071",5
19,"ZZRM_089",5
20,"HZSY_004",1
20,"HZSY_015",1
20,"HZSY_017",1
20,"JXSY_027",1
20,"JXSY_031",1
20,"JXSY_050",1
20,"LSRM_011",1
20,"PHYY_021",1
20,"PHYY_031",1
20,"TZEZ_018",1
20,"TZEZ_029",1
20,"TZEZ_030",1
20,"TZEZ_032",1
20,"TZEZ_044",1
20,"TZEZ_050",1
20,"TZEZ_057",1
20,"TZEZ_060",1
20,"ZDFE_101",1
20,"ZDFE_104",1
20,"ZDFE_109",1
20,"ZDFE_117",1
20,"ZDFE_124",1
20,"ZYCZ_019",1
20,"ZYCZ_026",1
20,"ZYCZ_033",1
20,"ZYCZ_034",1
20,"ZYCZ_039",1
20,"ZYQC_042",1
20,"ZYQC_049",1
20,"ZYQC_052",1
20,"ZYQC_065",1
20,"ZYQC_074",1
20,"ZYQC_081",1
20,"ZYQC_083",1
20,"ZYQC_094",1
20,"ZYQC_096",1
20,"ZYQC_101",1
20,"ZYQC_109",1
20,"ZYQC_112",1
20,"ZYQC_135",1
20,"ZYYH_041",1
20,"ZYYH_055",1
20,"ZYYH_056",1
20,"ZYYH_057",1
20,"ZYYH_058",1
20,"ZYYH_069",1
20,"ZZRM_101",1
20,"ZZRM_104",1
20,"HZSY_003",2
20,"HZSY_009",2
20,"JXSY_041",2
20,"JXSY_052",2
20,"JXSY_056",2
20,"LSRM_014",2
20,"LXZY_015",2
20,"PHYY_023",2
20,"PHYY_026",2
20,"PHYY_028",2
20,"TZEZ_022",2
20,"TZEZ_033",2
20,"TZEZ_041",2
20,"TZEZ_056",2
20,"WZZX_021",2
20,"XARM_036",2
20,"ZDFE_129",2
20,"ZDFE_133",2
20,"ZDFE_135",2
20,"ZDFE_137",2
20,"ZYCZ_020",2
20,"ZYCZ_025",2
20,"ZYCZ_030",2
20,"ZYCZ_032",2
20,"ZYQC_039",2
20,"ZYQC_053",2
20,"ZYQC_055",2
20,"ZYQC_056",2
20,"ZYQC_059",2
20,"ZYQC_067",2
20,"ZYQC_075",2
20,"ZYQC_076",2
20,"ZYQC_085",2
20,"ZYQC_093",2
20,"ZYQC_098",2
20,"ZYQC_102",2
20,"ZYQC_115",2
20,"ZYQC_120",2
20,"ZYQC_132",2
20,"ZYQC_133",2
20,"ZYYH_048",2
20,"ZYYH_051",2
20,"ZYYH_053",2
20,"ZYYH_062",2
20,"ZYYH_072",2
20,"ZYYH_074",2
20,"ZZRM_093",2
20,"HNSR_058",3
20,"HZSY_012",3
20,"HZSY_023",3
20,"JXSY_033",3
20,"JXSY_036",3
20,"JXSY_038",3
20,"LXZY_013",3
20,"PHYY_014",3
20,"SLTD_012",3
20,"SLTD_017",3
20,"TZEZ_031",3
20,"TZEZ_036",3
20,"TZEZ_040",3
20,"TZEZ_051",3
20,"WZZX_020",3
20,"XARM_037",3
20,"ZDFE_102",3
20,"ZDFE_105",3
20,"ZDFE_113",3
20,"ZDFE_118",3
20,"ZDFE_127",3
20,"ZDFE_128",3
20,"ZDFE_134",3
20,"ZYCZ_018",3
20,"ZYCZ_023",3
20,"ZYCZ_035",3
20,"ZYQC_047",3
20,"ZYQC_048",3
20,"ZYQC_073",3
20,"ZYQC_089",3
20,"ZYQC_097",3
20,"ZYQC_103",3
20,"ZYQC_105",3
20,"ZYQC_111",3
20,"ZYQC_113",3
20,"ZYQC_116",3
20,"ZYQC_122",3
20,"ZYQC_125",3
20,"ZYQC_127",3
20,"ZYYH_047",3
20,"ZYYH_063",3
20,"ZYYH_067",3
20,"ZYYH_070",3
20,"ZYYH_071",3
20,"ZZRM_089",3
20,"ZZRM_096",3
20,"ZZRM_097",3
20,"HZSY_005",4
20,"HZSY_008",4
20,"HZSY_019",4
20,"JXSY_023",4
20,"JXSY_039",4
20,"JXSY_042",4
20,"JXSY_051",4
20,"LXZY_011",4
20,"PHYY_019",4
20,"SLTD_009",4
20,"SLTD_010",4
20,"SLTD_020",4
20,"SLTD_021",4
20,"TZEZ_038",4
20,"TZEZ_045",4
20,"TZEZ_048",4
20,"TZEZ_053",4
20,"TZEZ_055",4
20,"TZEZ_061",4
20,"ZDFE_106",4
20,"ZDFE_114",4
20,"ZDFE_136",4
20,"ZYCZ_028",4
20,"ZYCZ_029",4
20,"ZYQC_051",4
20,"ZYQC_057",4
20,"ZYQC_060",4
20,"ZYQC_071",4
20,"ZYQC_072",4
20,"ZYQC_080",4
20,"ZYQC_084",4
20,"ZYQC_095",4
20,"ZYQC_100",4
20,"ZYQC_106",4
20,"ZYQC_108",4
20,"ZYQC_114",4
20,"ZYQC_119",4
20,"ZYQC_121",4
20,"ZYQC_124",4
20,"ZYQC_128",4
20,"ZYQC_134",4
20,"ZYQC_143",4
20,"ZYYH_061",4
20,"ZZRM_103",4
20,"ZZRM_105",4
20,"ZZRM_111",4
20,"ZZRM_115",4
20,"HNSR_032",5
20,"HNSR_044",5
20,"HZSY_022",5
20,"LSRM_015",5
20,"LSRM_016",5
20,"LXZY_014",5
20,"PHYY_016",5
20,"PHYY_022",5
20,"PHYY_029",5
20,"SLTD_015",5
20,"SLTD_019",5
20,"SLTD_022",5
20,"SLTD_024",5
20,"TZEZ_002",5
20,"TZEZ_024",5
20,"TZEZ_043",5
20,"TZEZ_059",5
20,"ZDFE_031",5
20,"ZDFE_103",5
20,"ZDFE_115",5
20,"ZDFE_119",5
20,"ZDFE_125",5
20,"ZDFE_130",5
20,"ZDFE_131",5
20,"ZDFE_138",5
20,"ZYCZ_027",5
20,"ZYCZ_036",5
20,"ZYCZ_038",5
20,"ZYQC_040",5
20,"ZYQC_045",5
20,"ZYQC_050",5
20,"ZYQC_058",5
20,"ZYQC_068",5
20,"ZYQC_090",5
20,"ZYQC_104",5
20,"ZYQC_110",5
20,"ZYQC_118",5
20,"ZYQC_123",5
20,"ZYQC_126",5
20,"ZYYH_049",5
20,"ZYYH_050",5
20,"ZYYH_060",5
20,"ZYYH_066",5
20,"ZYYH_077",5
20,"ZZRM_102",5
20,"ZZRM_108",5
20,"ZZRM_109",5
