"Timepoint","CTS","n","deaths","mortality_proportion","distribution_proportion_within_timepoint"
"D1","CTS1",260,28,0.107692307692308,0.646766169154229
"D1","CTS2",51,7,0.137254901960784,0.126865671641791
"D1","CTS3",91,12,0.131868131868132,0.22636815920398
"D3","CTS1",111,14,0.126126126126126,0.318051575931232
"D3","CTS2",68,11,0.161764705882353,0.194842406876791
"D3","CTS3",170,11,0.0647058823529412,0.487106017191977
"D5","CTS1",48,8,0.166666666666667,0.16551724137931
"D5","CTS2",87,9,0.103448275862069,0.3
"D5","CTS3",155,12,0.0774193548387097,0.53448275862069
