"Repeat","Contrast","New_model","Reference_model","Comparison_role","DeltaAUC","DeltaBrier"
1,"M1 - M0","M1","M0","Admission CTS state beyond SOFA96",0.00770186335403722,0.00105822099444691
2,"M1 - M0","M1","M0","Admission CTS state beyond SOFA96",0.0129192546583846,-0.00346200352310805
3,"M1 - M0","M1","M0","Admission CTS state beyond SOFA96",0.00120082815735034,0.000651380742959645
4,"M1 - M0","M1","M0","Admission CTS state beyond SOFA96",-0.0216149068322984,0.00569954629698285
5,"M1 - M0","M1","M0","Admission CTS state beyond SOFA96",-0.0386335403726712,0.0150897611617477
6,"M1 - M0","M1","M0","Admission CTS state beyond SOFA96",-0.0115527950310568,0.00372535722087405
7,"M1 - M0","M1","M0","Admission CTS state beyond SOFA96",-0.0143271221532092,0.00529379547139341
8,"M1 - M0","M1","M0","Admission CTS state beyond SOFA96",-0.00807453416149029,0.00424057243813555
9,"M1 - M0","M1","M0","Admission CTS state beyond SOFA96",0.00136645962732873,0.0013339647059428
10,"M1 - M0","M1","M0","Admission CTS state beyond SOFA96",-0.0234368530020699,0.00927476690944659
11,"M1 - M0","M1","M0","Admission CTS state beyond SOFA96",-0.00455486542443062,0.00134239851199186
12,"M1 - M0","M1","M0","Admission CTS state beyond SOFA96",-0.0367701863354037,0.0139389853696372
13,"M1 - M0","M1","M0","Admission CTS state beyond SOFA96",-0.0146169772256731,0.00453559539817666
14,"M1 - M0","M1","M0","Admission CTS state beyond SOFA96",-0.000662525879917664,0.000306433808696965
15,"M1 - M0","M1","M0","Admission CTS state beyond SOFA96",-0.0136645962732918,0.00470412417210167
16,"M1 - M0","M1","M0","Admission CTS state beyond SOFA96",-0.00331262939958643,0.00154722020338208
17,"M1 - M0","M1","M0","Admission CTS state beyond SOFA96",0.000745341614906248,0.00133056806102988
18,"M1 - M0","M1","M0","Admission CTS state beyond SOFA96",-0.0456728778467911,0.0151958727236421
19,"M1 - M0","M1","M0","Admission CTS state beyond SOFA96",-0.0171014492753631,0.00610439672281374
20,"M1 - M0","M1","M0","Admission CTS state beyond SOFA96",-0.00724637681159468,0.000535410615433329
1,"M2 - M1","M2","M1","Updated D4 CTS versus retained D1 CTS",0.0200414078674954,-0.00809881774275634
2,"M2 - M1","M2","M1","Updated D4 CTS versus retained D1 CTS",0.018260869565218,-0.00420332804666634
3,"M2 - M1","M2","M1","Updated D4 CTS versus retained D1 CTS",0.0344513457556933,-0.0106338983237621
4,"M2 - M1","M2","M1","Updated D4 CTS versus retained D1 CTS",0.0305590062111806,-0.00955239485614137
5,"M2 - M1","M2","M1","Updated D4 CTS versus retained D1 CTS",0.0991304347826096,-0.0311119587251447
6,"M2 - M1","M2","M1","Updated D4 CTS versus retained D1 CTS",0.0668322981366465,-0.0186190945692868
7,"M2 - M1","M2","M1","Updated D4 CTS versus retained D1 CTS",0.0853830227743272,-0.0224800935613783
8,"M2 - M1","M2","M1","Updated D4 CTS versus retained D1 CTS",0.0438095238095232,-0.0128917446769597
9,"M2 - M1","M2","M1","Updated D4 CTS versus retained D1 CTS",0.0403726708074539,-0.00995775541739427
10,"M2 - M1","M2","M1","Updated D4 CTS versus retained D1 CTS",0.0783850931677029,-0.0188543333039681
11,"M2 - M1","M2","M1","Updated D4 CTS versus retained D1 CTS",0.0629813664596276,-0.0146918273866039
12,"M2 - M1","M2","M1","Updated D4 CTS versus retained D1 CTS",0.102815734989648,-0.0316300670552506
13,"M2 - M1","M2","M1","Updated D4 CTS versus retained D1 CTS",0.0347412008281579,-0.00439674139525306
14,"M2 - M1","M2","M1","Updated D4 CTS versus retained D1 CTS",0.0551552795031073,-0.0122215119329249
15,"M2 - M1","M2","M1","Updated D4 CTS versus retained D1 CTS",0.0460041407867489,-0.0111763155512364
16,"M2 - M1","M2","M1","Updated D4 CTS versus retained D1 CTS",0.0238509316770196,-0.00606581672754164
17,"M2 - M1","M2","M1","Updated D4 CTS versus retained D1 CTS",0.0688198757763986,-0.0183415305589657
18,"M2 - M1","M2","M1","Updated D4 CTS versus retained D1 CTS",0.101697722567288,-0.0313472215354503
19,"M2 - M1","M2","M1","Updated D4 CTS versus retained D1 CTS",0.0696480331262945,-0.0146308169076403
20,"M2 - M1","M2","M1","Updated D4 CTS versus retained D1 CTS",0.0607867494824021,-0.011737605761918
1,"M3 - M2","M3","M2","D4 trajectory modules beyond updated D4 CTS",0.0442236024844718,-0.0109813284317731
2,"M3 - M2","M3","M2","D4 trajectory modules beyond updated D4 CTS",0.0450517598343687,-0.0108707358471812
3,"M3 - M2","M3","M2","D4 trajectory modules beyond updated D4 CTS",0.0196273291925472,-0.00113641345306492
4,"M3 - M2","M3","M2","D4 trajectory modules beyond updated D4 CTS",0.0547412008281584,-0.0108205993953556
5,"M3 - M2","M3","M2","D4 trajectory modules beyond updated D4 CTS",0.0185507246376797,-0.00323862654954454
6,"M3 - M2","M3","M2","D4 trajectory modules beyond updated D4 CTS",0.00786749482401672,0.00342236134225593
7,"M3 - M2","M3","M2","D4 trajectory modules beyond updated D4 CTS",0.0236853002070391,-0.00514224225744897
8,"M3 - M2","M3","M2","D4 trajectory modules beyond updated D4 CTS",-0.00389233954451196,0.00657876332269158
9,"M3 - M2","M3","M2","D4 trajectory modules beyond updated D4 CTS",0.017060041407868,-0.00317895368495758
10,"M3 - M2","M3","M2","D4 trajectory modules beyond updated D4 CTS",0.00563146997929487,-0.000332622201119154
11,"M3 - M2","M3","M2","D4 trajectory modules beyond updated D4 CTS",0.0215320910973086,-0.00494672017310996
12,"M3 - M2","M3","M2","D4 trajectory modules beyond updated D4 CTS",0.00687370600414172,4.4826578879692e-05
13,"M3 - M2","M3","M2","D4 trajectory modules beyond updated D4 CTS",0.0260869565217386,-0.00652930403852212
14,"M3 - M2","M3","M2","D4 trajectory modules beyond updated D4 CTS",-0.0179710144927546,0.0080106830657197
15,"M3 - M2","M3","M2","D4 trajectory modules beyond updated D4 CTS",0.0323395445134583,-0.00789489870510698
16,"M3 - M2","M3","M2","D4 trajectory modules beyond updated D4 CTS",0.0302277432712214,-0.00610580537275254
17,"M3 - M2","M3","M2","D4 trajectory modules beyond updated D4 CTS",0.00579710144927448,0.000190748721885431
18,"M3 - M2","M3","M2","D4 trajectory modules beyond updated D4 CTS",0.0210351966873698,-0.00540462541102277
19,"M3 - M2","M3","M2","D4 trajectory modules beyond updated D4 CTS",0.0264182194616976,-0.00964915027846353
20,"M3 - M2","M3","M2","D4 trajectory modules beyond updated D4 CTS",0.0309730848861284,-0.00983325056155193
1,"M3 - M0","M3","M0","Full D4 host reassessment versus SOFA96",0.0719668737060044,-0.0180219251800825
2,"M3 - M0","M3","M0","Full D4 host reassessment versus SOFA96",0.0762318840579713,-0.0185360674169556
3,"M3 - M0","M3","M0","Full D4 host reassessment versus SOFA96",0.0552795031055908,-0.0111189310338674
4,"M3 - M0","M3","M0","Full D4 host reassessment versus SOFA96",0.0636853002070406,-0.0146734479545141
5,"M3 - M0","M3","M0","Full D4 host reassessment versus SOFA96",0.0790476190476181,-0.0192608241129416
6,"M3 - M0","M3","M0","Full D4 host reassessment versus SOFA96",0.0631469979296064,-0.0114713760061568
7,"M3 - M0","M3","M0","Full D4 host reassessment versus SOFA96",0.0947412008281571,-0.0223285403474339
8,"M3 - M0","M3","M0","Full D4 host reassessment versus SOFA96",0.0318426501035209,-0.00207240891613261
9,"M3 - M0","M3","M0","Full D4 host reassessment versus SOFA96",0.0587991718426506,-0.011802744396409
10,"M3 - M0","M3","M0","Full D4 host reassessment versus SOFA96",0.0605797101449279,-0.00991218859564066
11,"M3 - M0","M3","M0","Full D4 host reassessment versus SOFA96",0.0799585921325056,-0.018296149047722
12,"M3 - M0","M3","M0","Full D4 host reassessment versus SOFA96",0.0729192546583856,-0.0176462551067337
13,"M3 - M0","M3","M0","Full D4 host reassessment versus SOFA96",0.0462111801242234,-0.00639045003559852
14,"M3 - M0","M3","M0","Full D4 host reassessment versus SOFA96",0.036521739130435,-0.00390439505850826
15,"M3 - M0","M3","M0","Full D4 host reassessment versus SOFA96",0.0646790890269154,-0.0143670900842417
16,"M3 - M0","M3","M0","Full D4 host reassessment versus SOFA96",0.0507660455486545,-0.0106244018969121
17,"M3 - M0","M3","M0","Full D4 host reassessment versus SOFA96",0.0753623188405793,-0.0168202137760504
18,"M3 - M0","M3","M0","Full D4 host reassessment versus SOFA96",0.0770600414078668,-0.021555974222831
19,"M3 - M0","M3","M0","Full D4 host reassessment versus SOFA96",0.0789648033126291,-0.0181755704632901
20,"M3 - M0","M3","M0","Full D4 host reassessment versus SOFA96",0.0845134575569358,-0.0210354457080366
1,"M4 - M0","M4","M0","D4 EBV/HCMV beyond contemporaneous SOFA96",0.0103519668737065,-0.00374923747803715
2,"M4 - M0","M4","M0","D4 EBV/HCMV beyond contemporaneous SOFA96",0.00488612836438962,-0.00179040107411196
3,"M4 - M0","M4","M0","D4 EBV/HCMV beyond contemporaneous SOFA96",0.0197515527950313,-0.00688033559322176
4,"M4 - M0","M4","M0","D4 EBV/HCMV beyond contemporaneous SOFA96",0.0196273291925465,-0.00671232323348622
5,"M4 - M0","M4","M0","D4 EBV/HCMV beyond contemporaneous SOFA96",0.00621118012422339,-0.00330758068129777
6,"M4 - M0","M4","M0","D4 EBV/HCMV beyond contemporaneous SOFA96",0.0136231884057967,-0.00495312289407426
7,"M4 - M0","M4","M0","D4 EBV/HCMV beyond contemporaneous SOFA96",0.0279503105590059,-0.00835289193439417
8,"M4 - M0","M4","M0","D4 EBV/HCMV beyond contemporaneous SOFA96",0.0106004140786748,-0.00352140165593495
9,"M4 - M0","M4","M0","D4 EBV/HCMV beyond contemporaneous SOFA96",0.00629399585921231,-0.0014837256010502
10,"M4 - M0","M4","M0","D4 EBV/HCMV beyond contemporaneous SOFA96",0.0228157349896491,-0.0071129445760906
11,"M4 - M0","M4","M0","D4 EBV/HCMV beyond contemporaneous SOFA96",-0.00351966873705967,-0.00045644628736885
12,"M4 - M0","M4","M0","D4 EBV/HCMV beyond contemporaneous SOFA96",0.017474120082816,-0.00764429135429195
13,"M4 - M0","M4","M0","D4 EBV/HCMV beyond contemporaneous SOFA96",0.0173084886128355,-0.0068869525936992
14,"M4 - M0","M4","M0","D4 EBV/HCMV beyond contemporaneous SOFA96",0.00587991718426528,-0.00437152137265304
15,"M4 - M0","M4","M0","D4 EBV/HCMV beyond contemporaneous SOFA96",0.0244720496894419,-0.0071500232582363
16,"M4 - M0","M4","M0","D4 EBV/HCMV beyond contemporaneous SOFA96",0.0154865424430637,-0.00624441625924535
17,"M4 - M0","M4","M0","D4 EBV/HCMV beyond contemporaneous SOFA96",0.0137060041407867,-0.00522359246436133
18,"M4 - M0","M4","M0","D4 EBV/HCMV beyond contemporaneous SOFA96",0.0105590062111804,-0.00583601469349507
19,"M4 - M0","M4","M0","D4 EBV/HCMV beyond contemporaneous SOFA96",0.0241407867494823,-0.00598475954481831
20,"M4 - M0","M4","M0","D4 EBV/HCMV beyond contemporaneous SOFA96",0.010227743271221,-0.00307422477960337
1,"M5 - M4","M5","M4","D4 CTS genes beyond D4 EBV/HCMV and SOFA96",0.0166459627329189,-0.00384030030953744
2,"M5 - M4","M5","M4","D4 CTS genes beyond D4 EBV/HCMV and SOFA96",0.00401656314699717,-0.000485656511281907
3,"M5 - M4","M5","M4","D4 CTS genes beyond D4 EBV/HCMV and SOFA96",0.0194616977225678,-0.00546491426871865
4,"M5 - M4","M5","M4","D4 CTS genes beyond D4 EBV/HCMV and SOFA96",-0.00728778467908819,-0.000160201501787027
5,"M5 - M4","M5","M4","D4 CTS genes beyond D4 EBV/HCMV and SOFA96",0.0571842650103522,-0.0143724667210055
6,"M5 - M4","M5","M4","D4 CTS genes beyond D4 EBV/HCMV and SOFA96",0.0403312629399581,-0.00802470401510486
7,"M5 - M4","M5","M4","D4 CTS genes beyond D4 EBV/HCMV and SOFA96",0.0410351966873713,-0.0117543827757407
8,"M5 - M4","M5","M4","D4 CTS genes beyond D4 EBV/HCMV and SOFA96",0.00981366459627364,-0.00325317150499763
9,"M5 - M4","M5","M4","D4 CTS genes beyond D4 EBV/HCMV and SOFA96",0.0162318840579715,-0.00644858206271395
10,"M5 - M4","M5","M4","D4 CTS genes beyond D4 EBV/HCMV and SOFA96",0.0289026915113861,-0.00530778638077559
11,"M5 - M4","M5","M4","D4 CTS genes beyond D4 EBV/HCMV and SOFA96",0.0453002070393367,-0.0130755951446719
12,"M5 - M4","M5","M4","D4 CTS genes beyond D4 EBV/HCMV and SOFA96",0.039130434782609,-0.00997927011158398
13,"M5 - M4","M5","M4","D4 CTS genes beyond D4 EBV/HCMV and SOFA96",0.0296480331262953,-0.0049683084310988
14,"M5 - M4","M5","M4","D4 CTS genes beyond D4 EBV/HCMV and SOFA96",0.0449689440993792,-0.0107156434461188
15,"M5 - M4","M5","M4","D4 CTS genes beyond D4 EBV/HCMV and SOFA96",0.0253830227743268,-0.00540176106458531
16,"M5 - M4","M5","M4","D4 CTS genes beyond D4 EBV/HCMV and SOFA96",-0.00554865424430584,0.00241106985230169
17,"M5 - M4","M5","M4","D4 CTS genes beyond D4 EBV/HCMV and SOFA96",0.0542857142857139,-0.013286125004537
18,"M5 - M4","M5","M4","D4 CTS genes beyond D4 EBV/HCMV and SOFA96",0.0484472049689442,-0.0124596230370024
19,"M5 - M4","M5","M4","D4 CTS genes beyond D4 EBV/HCMV and SOFA96",0.0139958592132506,0.00146177829658753
20,"M5 - M4","M5","M4","D4 CTS genes beyond D4 EBV/HCMV and SOFA96",0.0318840579710145,-0.00851357271663422
1,"M5 - M2","M5","M2","D4 EBV/HCMV beyond D4 CTS genes and SOFA96",-0.000745341614907247,-0.000548941039265172
2,"M5 - M2","M5","M2","D4 EBV/HCMV beyond D4 CTS genes and SOFA96",-0.0222774327122158,0.00538927398438052
3,"M5 - M2","M5","M2","D4 EBV/HCMV beyond D4 CTS genes and SOFA96",0.0035610766045554,-0.00236273228113795
4,"M5 - M2","M5","M2","D4 EBV/HCMV beyond D4 CTS genes and SOFA96",0.00339544513457612,-0.00301967617611473
5,"M5 - M2","M5","M2","D4 EBV/HCMV beyond D4 CTS genes and SOFA96",0.00289855072463718,-0.00165784983890618
6,"M5 - M2","M5","M2","D4 EBV/HCMV beyond D4 CTS genes and SOFA96",-0.00132505175983488,0.00191591043923364
7,"M5 - M2","M5","M2","D4 EBV/HCMV beyond D4 CTS genes and SOFA96",-0.0020703933747408,-0.00292097662014995
8,"M5 - M2","M5","M2","D4 EBV/HCMV beyond D4 CTS genes and SOFA96",-0.0153209109730844,0.00187659907789162
9,"M5 - M2","M5","M2","D4 EBV/HCMV beyond D4 CTS genes and SOFA96",-0.0192132505175988,0.000691483047687319
10,"M5 - M2","M5","M2","D4 EBV/HCMV beyond D4 CTS genes and SOFA96",-0.00322981366459785,-0.00284116456234468
11,"M5 - M2","M5","M2","D4 EBV/HCMV beyond D4 CTS genes and SOFA96",-0.01664596273292,-0.000182612557428713
12,"M5 - M2","M5","M2","D4 EBV/HCMV beyond D4 CTS genes and SOFA96",-0.0094409937888188,6.75202197374936e-05
13,"M5 - M2","M5","M2","D4 EBV/HCMV beyond D4 CTS genes and SOFA96",0.026832298136646,-0.0119941150277216
14,"M5 - M2","M5","M2","D4 EBV/HCMV beyond D4 CTS genes and SOFA96",-0.0036438923395451,-0.00317208669454389
15,"M5 - M2","M5","M2","D4 EBV/HCMV beyond D4 CTS genes and SOFA96",0.0175155279503116,-0.00607959294368687
16,"M5 - M2","M5","M2","D4 EBV/HCMV beyond D4 CTS genes and SOFA96",-0.0106004140786753,0.000685250117215902
17,"M5 - M2","M5","M2","D4 EBV/HCMV beyond D4 CTS genes and SOFA96",-0.00157349896480419,-0.00149875497096255
18,"M5 - M2","M5","M2","D4 EBV/HCMV beyond D4 CTS genes and SOFA96",0.00298136645962754,-0.00214428891868929
19,"M5 - M2","M5","M2","D4 EBV/HCMV beyond D4 CTS genes and SOFA96",-0.0144099378881986,0.00400343893659583
20,"M5 - M2","M5","M2","D4 EBV/HCMV beyond D4 CTS genes and SOFA96",-0.011428571428572,-0.000385602349752878
1,"M5 - M3","M5","M3","Viral-plus-CTS path versus trajectory-module path",-0.044968944099379,0.0104323873925079
2,"M5 - M3","M5","M3","Viral-plus-CTS path versus trajectory-module path",-0.0673291925465845,0.0162600098315617
3,"M5 - M3","M5","M3","Viral-plus-CTS path versus trajectory-module path",-0.0160662525879918,-0.00122631882807303
4,"M5 - M3","M5","M3","Viral-plus-CTS path versus trajectory-module path",-0.0513457556935822,0.00780092321924084
5,"M5 - M3","M5","M3","Viral-plus-CTS path versus trajectory-module path",-0.0156521739130425,0.00158077671063836
6,"M5 - M3","M5","M3","Viral-plus-CTS path versus trajectory-module path",-0.0091925465838516,-0.00150645090302229
7,"M5 - M3","M5","M3","Viral-plus-CTS path versus trajectory-module path",-0.0257556935817799,0.00222126563729902
8,"M5 - M3","M5","M3","Viral-plus-CTS path versus trajectory-module path",-0.0114285714285725,-0.00470216424479997
9,"M5 - M3","M5","M3","Viral-plus-CTS path versus trajectory-module path",-0.0362732919254668,0.00387043673264489
10,"M5 - M3","M5","M3","Viral-plus-CTS path versus trajectory-module path",-0.00886128364389271,-0.00250854236122552
11,"M5 - M3","M5","M3","Viral-plus-CTS path versus trajectory-module path",-0.0381780538302285,0.00476410761568125
12,"M5 - M3","M5","M3","Viral-plus-CTS path versus trajectory-module path",-0.0163146997929605,2.26936408578016e-05
13,"M5 - M3","M5","M3","Viral-plus-CTS path versus trajectory-module path",0.000745341614907358,-0.00546481098919949
14,"M5 - M3","M5","M3","Viral-plus-CTS path versus trajectory-module path",0.0143271221532095,-0.0111827697602636
15,"M5 - M3","M5","M3","Viral-plus-CTS path versus trajectory-module path",-0.0148240165631467,0.00181530576142011
16,"M5 - M3","M5","M3","Viral-plus-CTS path versus trajectory-module path",-0.0408281573498966,0.00679105548996844
17,"M5 - M3","M5","M3","Viral-plus-CTS path versus trajectory-module path",-0.00737060041407867,-0.00168950369284798
18,"M5 - M3","M5","M3","Viral-plus-CTS path versus trajectory-module path",-0.0180538302277422,0.00326033649233348
19,"M5 - M3","M5","M3","Viral-plus-CTS path versus trajectory-module path",-0.0408281573498962,0.0136525892150594
20,"M5 - M3","M5","M3","Viral-plus-CTS path versus trajectory-module path",-0.0424016563147004,0.00944764821179905
