"Repeat","Model","AUC","Brier"
1,"M0",0.683892339544513,0.19856547681909
1,"M1",0.69159420289855,0.199623697813537
1,"M2",0.711635610766046,0.191524880070781
1,"M3",0.755859213250518,0.180543551639008
1,"M4",0.69424430641822,0.194816239341053
1,"M5",0.710890269151139,0.190975939031516
2,"M0",0.677888198757764,0.199016143615208
2,"M1",0.690807453416149,0.1955541400921
2,"M2",0.709068322981367,0.191350812045433
2,"M3",0.754120082815735,0.180480076198252
2,"M4",0.682774327122154,0.197225742541096
2,"M5",0.686790890269151,0.196740086029814
3,"M0",0.666790890269151,0.203915948951296
3,"M1",0.667991718426501,0.204567329694256
3,"M2",0.702443064182194,0.193933431370493
3,"M3",0.722070393374742,0.192797017917429
3,"M4",0.686542443064182,0.197035613358074
3,"M5",0.70600414078675,0.191570699089356
4,"M0",0.685714285714286,0.196884909533563
4,"M1",0.664099378881987,0.202584455830546
4,"M2",0.694658385093168,0.193032060974404
4,"M3",0.749399585921326,0.182211461579049
4,"M4",0.705341614906832,0.190172586300076
4,"M5",0.698053830227744,0.190012384798289
5,"M0",0.685672877846791,0.197140056683755
5,"M1",0.64703933747412,0.212229817845502
5,"M2",0.74616977225673,0.181117859120358
5,"M3",0.76472049689441,0.177879232570813
5,"M4",0.691884057971015,0.193832476002457
5,"M5",0.749068322981367,0.179460009281451
6,"M0",0.681697722567288,0.198427149678098
6,"M1",0.670144927536231,0.202152506898972
6,"M2",0.736977225672878,0.183533412329685
6,"M3",0.744844720496895,0.186955773671941
6,"M4",0.695320910973085,0.193474026784024
6,"M5",0.735652173913043,0.185449322768919
7,"M0",0.678674948240166,0.196937446433324
7,"M1",0.664347826086957,0.202231241904717
7,"M2",0.749730848861284,0.179751148343339
7,"M3",0.773416149068323,0.17460890608589
7,"M4",0.706625258799172,0.18858455449893
7,"M5",0.747660455486543,0.176830171723189
8,"M0",0.68575569358178,0.196171409208826
8,"M1",0.67768115942029,0.200411981646961
8,"M2",0.721490683229813,0.187520236970002
8,"M3",0.717598343685301,0.194099000292693
8,"M4",0.696356107660455,0.192650007552891
8,"M5",0.706169772256729,0.189396836047893
9,"M0",0.679917184265011,0.198445981634176
9,"M1",0.68128364389234,0.199779946340119
9,"M2",0.721656314699793,0.189822190922724
9,"M3",0.738716356107661,0.186643237237767
9,"M4",0.686211180124223,0.196962256033126
9,"M5",0.702443064182195,0.190513673970412
10,"M0",0.682939958592132,0.197242292508118
10,"M1",0.659503105590062,0.206517059417564
10,"M2",0.737888198757765,0.187662726113596
10,"M3",0.74351966873706,0.187330103912477
10,"M4",0.705755693581781,0.190129347932027
10,"M5",0.734658385093167,0.184821561551252
11,"M0",0.679296066252588,0.197777047684252
11,"M1",0.674741200828157,0.199119446196244
11,"M2",0.737722567287785,0.18442761880964
11,"M3",0.759254658385094,0.17948089863653
11,"M4",0.675776397515528,0.197320601396883
11,"M5",0.721076604554865,0.184245006252211
12,"M0",0.684844720496894,0.196861293298273
12,"M1",0.648074534161491,0.21080027866791
12,"M2",0.750890269151138,0.17917021161266
12,"M3",0.75776397515528,0.179215038191539
12,"M4",0.70231884057971,0.189217001943981
12,"M5",0.741449275362319,0.179237731832397
13,"M0",0.683643892339544,0.196274822649824
13,"M1",0.669026915113871,0.200810418048001
13,"M2",0.703768115942029,0.196413676652748
13,"M3",0.729855072463768,0.189884372614226
13,"M4",0.70095238095238,0.189387870056125
13,"M5",0.730600414078675,0.184419561625026
14,"M0",0.676521739130435,0.198837212495113
14,"M1",0.675859213250517,0.19914364630381
14,"M2",0.731014492753624,0.186922134370885
14,"M3",0.71304347826087,0.194932817436605
14,"M4",0.6824016563147,0.19446569112246
14,"M5",0.727370600414079,0.183750047676341
15,"M0",0.678260869565217,0.19889483389616
15,"M1",0.664596273291925,0.203598958068262
15,"M2",0.710600414078674,0.192422642517025
15,"M3",0.742939958592133,0.184527743811918
15,"M4",0.702732919254659,0.191744810637924
15,"M5",0.728115942028986,0.186343049573338
16,"M0",0.683809523809524,0.1975618391868
16,"M1",0.680496894409937,0.199109059390182
16,"M2",0.704347826086957,0.193043242662641
16,"M3",0.734575569358178,0.186937437289888
16,"M4",0.699296066252587,0.191317422927555
16,"M5",0.693747412008282,0.193728492779857
17,"M0",0.680828157349897,0.196650524062746
17,"M1",0.681573498964803,0.197981092123775
17,"M2",0.750393374741202,0.17963956156481
17,"M3",0.756190476190476,0.179830310286695
17,"M4",0.694534161490683,0.191426931598384
17,"M5",0.748819875776397,0.178140806593847
18,"M0",0.691304347826087,0.196819218630209
18,"M1",0.645631469979296,0.212015091353851
18,"M2",0.747329192546584,0.180667869818401
18,"M3",0.768364389233954,0.175263244407378
18,"M4",0.701863354037267,0.190983203936714
18,"M5",0.750310559006212,0.178523580899712
19,"M0",0.680207039337475,0.197017144189415
19,"M1",0.663105590062111,0.203121540912229
19,"M2",0.732753623188406,0.188490724004589
19,"M3",0.759171842650104,0.178841573726125
19,"M4",0.704347826086957,0.191032384644597
19,"M5",0.718343685300207,0.192494162941184
20,"M0",0.681697722567288,0.197723272178669
20,"M1",0.674451345755693,0.198258682794103
20,"M2",0.735238095238095,0.186521077032185
20,"M3",0.766211180124224,0.176687826470633
20,"M4",0.691925465838509,0.194649047399066
20,"M5",0.723809523809523,0.186135474682432
