"SampleID","HumanID","Timepoint","Time_day","Mortality28d","Outcome28d","CTS","CTS1_probability","CTS2_probability","CTS3_probability"
"JinHua_1_d1","JinHua_1","D1",1,0,"Alive","CTS1",0.606,0.394,0
"JinHua_10_d1","JinHua_10","D1",1,1,"Death","CTS3",0.25,0.152,0.598
"JinHua_100_d1","JinHua_100","D1",1,0,"Alive","CTS3",0.094,0.086,0.82
"JinHua_101_d1","JinHua_101","D1",1,0,"Alive","CTS1",0.93,0.026,0.044
"JinHua_102_d1","JinHua_102","D1",1,0,"Alive","CTS1",1,0,0
"JinHua_103_d1","JinHua_103","D1",1,0,"Alive","CTS1",1,0,0
"JinHua_104_d1","JinHua_104","D1",1,0,"Alive","CTS1",0.806,0.194,0
"JinHua_105_d1","JinHua_105","D1",1,0,"Alive","CTS1",0.92,0.078,0.002
"JinHua_106_d1","JinHua_106","D1",1,0,"Alive","CTS1",1,0,0
"JinHua_107_d1","JinHua_107","D1",1,0,"Alive","CTS1",0.97,0.01,0.02
"JinHua_108_d1","JinHua_108","D1",1,0,"Alive","CTS1",0.478,0.448,0.074
"JinHua_109_d1","JinHua_109","D1",1,0,"Alive","CTS2",0.074,0.672,0.254
"JinHua_11_d1","JinHua_11","D1",1,0,"Alive","CTS3",0.02,0.006,0.974
"JinHua_110_d1","JinHua_110","D1",1,0,"Alive","CTS1",0.822,0.178,0
"JinHua_111_d1","JinHua_111","D1",1,0,"Alive","CTS1",0.886,0.038,0.076
"JinHua_112_d1","JinHua_112","D1",1,0,"Alive","CTS1",0.992,0.006,0.002
"JinHua_113_d1","JinHua_113","D1",1,0,"Alive","CTS3",0,0.044,0.956
"JinHua_114_d1","JinHua_114","D1",1,0,"Alive","CTS1",0.87,0.098,0.032
"JinHua_115_d1","JinHua_115","D1",1,1,"Death","CTS1",0.968,0.01,0.022
"JinHua_116_d1","JinHua_116","D1",1,0,"Alive","CTS2",0.36,0.614,0.026
"JinHua_117_d1","JinHua_117","D1",1,0,"Alive","CTS3",0.062,0.156,0.782
"JinHua_118_d1","JinHua_118","D1",1,0,"Alive","CTS3",0.144,0.256,0.6
"JinHua_119_d1","JinHua_119","D1",1,0,"Alive","CTS1",0.952,0.02,0.028
"JinHua_12_d1","JinHua_12","D1",1,0,"Alive","CTS1",0.442,0.178,0.38
"JinHua_120_d1","JinHua_120","D1",1,0,"Alive","CTS1",0.924,0.046,0.03
"JinHua_121_d1","JinHua_121","D1",1,1,"Death","CTS1",0.976,0.02,0.004
"JinHua_122_d1","JinHua_122","D1",1,0,"Alive","CTS3",0.454,0.064,0.482
"JinHua_123_d1","JinHua_123","D1",1,1,"Death","CTS3",0.066,0.064,0.87
"JinHua_124_d1","JinHua_124","D1",1,0,"Alive","CTS1",0.678,0.256,0.066
"JinHua_125_d1","JinHua_125","D1",1,0,"Alive","CTS3",0.29,0.05,0.66
"JinHua_126_d1","JinHua_126","D1",1,0,"Alive","CTS3",0.21,0.064,0.726
"JinHua_127_d1","JinHua_127","D1",1,1,"Death","CTS1",0.996,0.004,0
"JinHua_128_d1","JinHua_128","D1",1,0,"Alive","CTS1",0.362,0.316,0.322
"JinHua_129_d1","JinHua_129","D1",1,0,"Alive","CTS1",0.822,0.048,0.13
"JinHua_13_d1","JinHua_13","D1",1,0,"Alive","CTS1",0.998,0.002,0
"JinHua_130_d1","JinHua_130","D1",1,1,"Death","CTS1",0.574,0.374,0.052
"JinHua_131_d1","JinHua_131","D1",1,0,"Alive","CTS2",0.034,0.816,0.15
"JinHua_132_d1","JinHua_132","D1",1,0,"Alive","CTS1",0.866,0.058,0.076
"JinHua_133_d1","JinHua_133","D1",1,0,"Alive","CTS1",1,0,0
"JinHua_134_d1","JinHua_134","D1",1,0,"Alive","CTS2",0.338,0.634,0.028
"JinHua_135_d1","JinHua_135","D1",1,0,"Alive","CTS2",0.028,0.898,0.074
"JinHua_136_d1","JinHua_136","D1",1,0,"Alive","CTS1",0.976,0.022,0.002
"JinHua_137_d1","JinHua_137","D1",1,0,"Alive","CTS1",0.998,0.002,0
"JinHua_138_d1","JinHua_138","D1",1,1,"Death","CTS3",0,0,1
"JinHua_139_d1","JinHua_139","D1",1,0,"Alive","CTS3",0.168,0.198,0.634
"JinHua_14_d1","JinHua_14","D1",1,0,"Alive","CTS1",0.612,0.064,0.324
"JinHua_140_d1","JinHua_140","D1",1,0,"Alive","CTS2",0.396,0.592,0.012
"JinHua_141_d1","JinHua_141","D1",1,0,"Alive","CTS1",0.912,0.074,0.014
"JinHua_143_d1","JinHua_143","D1",1,0,"Alive","CTS1",0.716,0.036,0.248
"JinHua_144_d1","JinHua_144","D1",1,1,"Death","CTS2",0.348,0.422,0.23
"JinHua_145_d1","JinHua_145","D1",1,0,"Alive","CTS3",0.03,0.292,0.678
"JinHua_146_d1","JinHua_146","D1",1,0,"Alive","CTS3",0.132,0.41,0.458
"JinHua_147_d1","JinHua_147","D1",1,0,"Alive","CTS1",0.894,0.104,0.002
"JinHua_148_d1","JinHua_148","D1",1,0,"Alive","CTS1",0.928,0.07,0.002
"JinHua_149_d1","JinHua_149","D1",1,0,"Alive","CTS1",0.864,0.122,0.014
"JinHua_15_d1","JinHua_15","D1",1,0,"Alive","CTS1",0.94,0.026,0.034
"JinHua_150_d1","JinHua_150","D1",1,0,"Alive","CTS1",0.522,0.43,0.048
"JinHua_151_d1","JinHua_151","D1",1,0,"Alive","CTS1",0.682,0.222,0.096
"JinHua_152_d1","JinHua_152","D1",1,0,"Alive","CTS1",0.992,0.002,0.006
"JinHua_153_d1","JinHua_153","D1",1,0,"Alive","CTS1",0.936,0.024,0.04
"JinHua_155_d1","JinHua_155","D1",1,0,"Alive","CTS1",0.594,0.398,0.008
"JinHua_156_d1","JinHua_156","D1",1,1,"Death","CTS3",0.358,0.254,0.388
"JinHua_157_d1","JinHua_157","D1",1,0,"Alive","CTS3",0.018,0.006,0.976
"JinHua_158_d1","JinHua_158","D1",1,0,"Alive","CTS1",0.734,0.028,0.238
"JinHua_159_d1","JinHua_159","D1",1,0,"Alive","CTS2",0,0.988,0.012
"JinHua_16_d1","JinHua_16","D1",1,0,"Alive","CTS1",1,0,0
"JinHua_160_d1","JinHua_160","D1",1,0,"Alive","CTS3",0.222,0.308,0.47
"JinHua_161_d1","JinHua_161","D1",1,0,"Alive","CTS2",0.022,0.664,0.314
"JinHua_162_d1","JinHua_162","D1",1,0,"Alive","CTS1",0.996,0.002,0.002
"JinHua_163_d1","JinHua_163","D1",1,0,"Alive","CTS1",0.984,0.01,0.006
"JinHua_165_d1","JinHua_165","D1",1,0,"Alive","CTS3",0.008,0.012,0.98
"JinHua_166_d1","JinHua_166","D1",1,0,"Alive","CTS2",0.086,0.516,0.398
"JinHua_167_d1","JinHua_167","D1",1,0,"Alive","CTS1",0.724,0.052,0.224
"JinHua_168_d1","JinHua_168","D1",1,0,"Alive","CTS1",0.826,0.13,0.044
"JinHua_169_d1","JinHua_169","D1",1,0,"Alive","CTS1",0.428,0.372,0.2
"JinHua_17_d1","JinHua_17","D1",1,0,"Alive","CTS1",0.526,0.096,0.378
"JinHua_170_d1","JinHua_170","D1",1,1,"Death","CTS1",0.568,0.42,0.012
"JinHua_171_d1","JinHua_171","D1",1,0,"Alive","CTS1",1,0,0
"JinHua_172_d1","JinHua_172","D1",1,0,"Alive","CTS1",1,0,0
"JinHua_173_d1","JinHua_173","D1",1,1,"Death","CTS1",1,0,0
"JinHua_174_d1","JinHua_174","D1",1,0,"Alive","CTS1",0.55,0.45,0
"JinHua_175_d1","JinHua_175","D1",1,0,"Alive","CTS1",0.958,0.038,0.004
"JinHua_176_d1","JinHua_176","D1",1,0,"Alive","CTS1",0.532,0.468,0
"JinHua_177_d1","JinHua_177","D1",1,0,"Alive","CTS3",0.368,0.022,0.61
"JinHua_178_d1","JinHua_178","D1",1,0,"Alive","CTS1",0.936,0.064,0
"JinHua_179_d1","JinHua_179","D1",1,1,"Death","CTS1",0.66,0.074,0.266
"JinHua_18_d1","JinHua_18","D1",1,0,"Alive","CTS1",1,0,0
"JinHua_180_d1","JinHua_180","D1",1,0,"Alive","CTS3",0.454,0.024,0.522
"JinHua_181_d1","JinHua_181","D1",1,0,"Alive","CTS3",0.214,0.046,0.74
"JinHua_182_d1","JinHua_182","D1",1,0,"Alive","CTS1",0.812,0.164,0.024
"JinHua_183_d1","JinHua_183","D1",1,0,"Alive","CTS3",0.458,0.026,0.516
"JinHua_184_d1","JinHua_184","D1",1,0,"Alive","CTS1",0.816,0.154,0.03
"JinHua_185_d1","JinHua_185","D1",1,0,"Alive","CTS3",0,0,1
"JinHua_186_d1","JinHua_186","D1",1,0,"Alive","CTS3",0.108,0.034,0.858
"JinHua_187_d1","JinHua_187","D1",1,0,"Alive","CTS1",1,0,0
"JinHua_188_d1","JinHua_188","D1",1,0,"Alive","CTS1",1,0,0
"JinHua_189_d1","JinHua_189","D1",1,0,"Alive","CTS3",0.11,0.444,0.446
"JinHua_19_d1","JinHua_19","D1",1,0,"Alive","CTS1",0.676,0.086,0.238
"JinHua_190_d1","JinHua_190","D1",1,0,"Alive","CTS3",0,0,1
"JinHua_191_d1","JinHua_191","D1",1,0,"Alive","CTS3",0,0,1
"JinHua_192_d1","JinHua_192","D1",1,0,"Alive","CTS1",0.956,0.042,0.002
"JinHua_193_d1","JinHua_193","D1",1,0,"Alive","CTS2",0.058,0.834,0.108
"JinHua_194_d1","JinHua_194","D1",1,0,"Alive","CTS1",1,0,0
"JinHua_195_d1","JinHua_195","D1",1,0,"Alive","CTS1",0.368,0.294,0.338
"JinHua_196_d1","JinHua_196","D1",1,1,"Death","CTS1",0.552,0.284,0.164
"JinHua_197_d1","JinHua_197","D1",1,0,"Alive","CTS1",1,0,0
"JinHua_198_d1","JinHua_198","D1",1,0,"Alive","CTS1",0.862,0.044,0.094
"JinHua_199_d1","JinHua_199","D1",1,1,"Death","CTS1",0.582,0.052,0.366
"JinHua_2_d1","JinHua_2","D1",1,0,"Alive","CTS1",1,0,0
"JinHua_20_d1","JinHua_20","D1",1,0,"Alive","CTS1",0.708,0.058,0.234
"JinHua_200_d1","JinHua_200","D1",1,0,"Alive","CTS1",0.952,0.018,0.03
"JinHua_201_d1","JinHua_201","D1",1,0,"Alive","CTS1",0.588,0.412,0
"JinHua_202_d1","JinHua_202","D1",1,1,"Death","CTS1",0.57,0.068,0.362
"JinHua_203_d1","JinHua_203","D1",1,0,"Alive","CTS3",0.002,0.002,0.996
"JinHua_204_d1","JinHua_204","D1",1,0,"Alive","CTS3",0.002,0,0.998
"JinHua_205_d1","JinHua_205","D1",1,0,"Alive","CTS1",0.968,0.002,0.03
"JinHua_206_d1","JinHua_206","D1",1,0,"Alive","CTS2",0.202,0.44,0.358
"JinHua_207_d1","JinHua_207","D1",1,0,"Alive","CTS1",0.994,0,0.006
"JinHua_208_d1","JinHua_208","D1",1,0,"Alive","CTS2",0.05,0.598,0.352
"JinHua_209_d1","JinHua_209","D1",1,0,"Alive","CTS3",0,0,1
"JinHua_21_d1","JinHua_21","D1",1,0,"Alive","CTS1",0.502,0.056,0.442
"JinHua_210_d1","JinHua_210","D1",1,0,"Alive","CTS1",0.878,0.04,0.082
"JinHua_211_d1","JinHua_211","D1",1,0,"Alive","CTS3",0.406,0.018,0.576
"JinHua_212_d1","JinHua_212","D1",1,0,"Alive","CTS3",0.01,0.152,0.838
"JinHua_213_d1","JinHua_213","D1",1,0,"Alive","CTS3",0,0,1
"JinHua_214_d1","JinHua_214","D1",1,0,"Alive","CTS1",0.808,0.192,0
"JinHua_215_d1","JinHua_215","D1",1,0,"Alive","CTS1",0.744,0.256,0
"JinHua_216_d1","JinHua_216","D1",1,0,"Alive","CTS1",0.672,0.264,0.064
"JinHua_217_d1","JinHua_217","D1",1,0,"Alive","CTS1",0.89,0.032,0.078
"JinHua_218_d1","JinHua_218","D1",1,0,"Alive","CTS1",0.822,0.018,0.16
"JinHua_219_d1","JinHua_219","D1",1,0,"Alive","CTS2",0.002,0.838,0.16
"JinHua_22_d1","JinHua_22","D1",1,0,"Alive","CTS2",0.438,0.446,0.116
"JinHua_220_d1","JinHua_220","D1",1,0,"Alive","CTS1",1,0,0
"JinHua_221_d1","JinHua_221","D1",1,0,"Alive","CTS1",0.99,0.008,0.002
"JinHua_222_d1","JinHua_222","D1",1,0,"Alive","CTS3",0.09,0.002,0.908
"JinHua_223_d1","JinHua_223","D1",1,0,"Alive","CTS1",0.56,0.382,0.058
"JinHua_224_d1","JinHua_224","D1",1,0,"Alive","CTS1",0.502,0.03,0.468
"JinHua_225_d1","JinHua_225","D1",1,1,"Death","CTS2",0.082,0.888,0.03
"JinHua_23_d1","JinHua_23","D1",1,0,"Alive","CTS1",0.736,0.262,0.002
"JinHua_24_d1","JinHua_24","D1",1,0,"Alive","CTS1",0.998,0,0.002
"JinHua_25_d1","JinHua_25","D1",1,1,"Death","CTS1",0.99,0.01,0
"JinHua_26_d1","JinHua_26","D1",1,0,"Alive","CTS2",0.12,0.654,0.226
"JinHua_27_d1","JinHua_27","D1",1,1,"Death","CTS1",0.808,0.144,0.048
"JinHua_28_d1","JinHua_28","D1",1,0,"Alive","CTS1",0.642,0.07,0.288
"JinHua_29_d1","JinHua_29","D1",1,0,"Alive","CTS1",0.602,0.32,0.078
"JinHua_3_d1","JinHua_3","D1",1,0,"Alive","CTS1",1,0,0
"JinHua_30_d1","JinHua_30","D1",1,0,"Alive","CTS1",0.792,0.054,0.154
"JinHua_31_d1","JinHua_31","D1",1,0,"Alive","CTS1",0.884,0.064,0.052
"JinHua_32_d1","JinHua_32","D1",1,1,"Death","CTS2",0.104,0.89,0.006
"JinHua_33_d1","JinHua_33","D1",1,0,"Alive","CTS3",0.122,0.366,0.512
"JinHua_34_d1","JinHua_34","D1",1,0,"Alive","CTS2",0.062,0.47,0.468
"JinHua_35_d1","JinHua_35","D1",1,0,"Alive","CTS3",0.262,0.08,0.658
"JinHua_36_d1","JinHua_36","D1",1,1,"Death","CTS1",0.554,0.404,0.042
"JinHua_37_d1","JinHua_37","D1",1,0,"Alive","CTS1",0.998,0.002,0
"JinHua_38_d1","JinHua_38","D1",1,0,"Alive","CTS1",1,0,0
"JinHua_39_d1","JinHua_39","D1",1,0,"Alive","CTS1",0.516,0.48,0.004
"JinHua_4_d1","JinHua_4","D1",1,0,"Alive","CTS1",0.478,0.058,0.464
"JinHua_40_d1","JinHua_40","D1",1,0,"Alive","CTS3",0.004,0.376,0.62
"JinHua_41_d1","JinHua_41","D1",1,0,"Alive","CTS2",0,0.982,0.018
"JinHua_42_d1","JinHua_42","D1",1,0,"Alive","CTS2",0.054,0.52,0.426
"JinHua_43_d1","JinHua_43","D1",1,0,"Alive","CTS2",0.142,0.712,0.146
"JinHua_44_d1","JinHua_44","D1",1,0,"Alive","CTS1",0.952,0.044,0.004
"JinHua_45_d1","JinHua_45","D1",1,0,"Alive","CTS3",0.006,0.006,0.988
"JinHua_46_d1","JinHua_46","D1",1,0,"Alive","CTS1",0.958,0.014,0.028
"JinHua_48_d1","JinHua_48","D1",1,0,"Alive","CTS3",0.314,0.078,0.608
"JinHua_49_d1","JinHua_49","D1",1,0,"Alive","CTS3",0.058,0.248,0.694
"JinHua_5_d1","JinHua_5","D1",1,0,"Alive","CTS3",0.31,0.132,0.558
"JinHua_50_d1","JinHua_50","D1",1,0,"Alive","CTS1",0.916,0.084,0
"JinHua_51_d1","JinHua_51","D1",1,0,"Alive","CTS1",0.724,0.042,0.234
"JinHua_52_d1","JinHua_52","D1",1,0,"Alive","CTS1",0.894,0.042,0.064
"JinHua_53_d1","JinHua_53","D1",1,0,"Alive","CTS1",0.434,0.384,0.182
"JinHua_54_d1","JinHua_54","D1",1,0,"Alive","CTS1",0.97,0.028,0.002
"JinHua_55_d1","JinHua_55","D1",1,0,"Alive","CTS1",0.816,0.06,0.124
"JinHua_56_d1","JinHua_56","D1",1,0,"Alive","CTS1",0.754,0.244,0.002
"JinHua_57_d1","JinHua_57","D1",1,0,"Alive","CTS1",0.634,0.366,0
"JinHua_58_d1","JinHua_58","D1",1,0,"Alive","CTS2",0.044,0.92,0.036
"JinHua_59_d1","JinHua_59","D1",1,0,"Alive","CTS2",0.192,0.796,0.012
"JinHua_6_d1","JinHua_6","D1",1,0,"Alive","CTS1",1,0,0
"JinHua_60_d1","JinHua_60","D1",1,1,"Death","CTS3",0.194,0.38,0.426
"JinHua_61_d1","JinHua_61","D1",1,0,"Alive","CTS1",0.784,0.038,0.178
"JinHua_62_d1","JinHua_62","D1",1,0,"Alive","CTS2",0.106,0.458,0.436
"JinHua_63_d1","JinHua_63","D1",1,0,"Alive","CTS1",0.95,0.028,0.022
"JinHua_64_d1","JinHua_64","D1",1,0,"Alive","CTS1",0.976,0.024,0
"JinHua_65_d1","JinHua_65","D1",1,0,"Alive","CTS2",0.01,0.938,0.052
"JinHua_66_d1","JinHua_66","D1",1,0,"Alive","CTS2",0.298,0.688,0.014
"JinHua_67_d1","JinHua_67","D1",1,0,"Alive","CTS1",0.956,0.01,0.034
"JinHua_68_d1","JinHua_68","D1",1,0,"Alive","CTS2",0.014,0.692,0.294
"JinHua_69_d1","JinHua_69","D1",1,0,"Alive","CTS2",0.436,0.486,0.078
"JinHua_7_d1","JinHua_7","D1",1,0,"Alive","CTS1",0.88,0.028,0.092
"JinHua_70_d1","JinHua_70","D1",1,0,"Alive","CTS1",0.99,0.01,0
"JinHua_71_d1","JinHua_71","D1",1,0,"Alive","CTS1",1,0,0
"JinHua_72_d1","JinHua_72","D1",1,0,"Alive","CTS1",0.634,0.364,0.002
"JinHua_73_d1","JinHua_73","D1",1,0,"Alive","CTS1",0.992,0.006,0.002
"JinHua_74_d1","JinHua_74","D1",1,0,"Alive","CTS1",0.984,0.012,0.004
"JinHua_75_d1","JinHua_75","D1",1,0,"Alive","CTS2",0.474,0.526,0
"JinHua_76_d1","JinHua_76","D1",1,0,"Alive","CTS1",0.584,0.416,0
"JinHua_77_d1","JinHua_77","D1",1,0,"Alive","CTS1",0.646,0.354,0
"JinHua_78_d1","JinHua_78","D1",1,0,"Alive","CTS2",0.13,0.844,0.026
"JinHua_79_d1","JinHua_79","D1",1,0,"Alive","CTS2",0.334,0.648,0.018
"JinHua_8_d1","JinHua_8","D1",1,0,"Alive","CTS1",0.824,0.09,0.086
"JinHua_80_d1","JinHua_80","D1",1,0,"Alive","CTS1",1,0,0
"JinHua_81_d1","JinHua_81","D1",1,0,"Alive","CTS1",0.994,0.004,0.002
"JinHua_82_d1","JinHua_82","D1",1,0,"Alive","CTS2",0.07,0.876,0.054
"JinHua_83_d1","JinHua_83","D1",1,1,"Death","CTS1",0.558,0.184,0.258
"JinHua_84_d1","JinHua_84","D1",1,1,"Death","CTS2",0.264,0.394,0.342
"JinHua_85_d1","JinHua_85","D1",1,1,"Death","CTS1",1,0,0
"JinHua_86_d1","JinHua_86","D1",1,0,"Alive","CTS3",0.016,0.024,0.96
"JinHua_87_d1","JinHua_87","D1",1,0,"Alive","CTS1",0.598,0.402,0
"JinHua_88_d1","JinHua_88","D1",1,0,"Alive","CTS3",0.002,0.37,0.628
"JinHua_89_d1","JinHua_89","D1",1,0,"Alive","CTS3",0.016,0.03,0.954
"JinHua_9_d1","JinHua_9","D1",1,0,"Alive","CTS1",0.8,0.042,0.158
"JinHua_90_d1","JinHua_90","D1",1,0,"Alive","CTS1",0.712,0.28,0.008
"JinHua_91_d1","JinHua_91","D1",1,1,"Death","CTS3",0.416,0.092,0.492
"JinHua_92_d1","JinHua_92","D1",1,0,"Alive","CTS2",0.316,0.344,0.34
"JinHua_93_d1","JinHua_93","D1",1,1,"Death","CTS1",1,0,0
"JinHua_94_d1","JinHua_94","D1",1,0,"Alive","CTS2",0.05,0.792,0.158
"JinHua_95_d1","JinHua_95","D1",1,0,"Alive","CTS2",0.246,0.744,0.01
"JinHua_96_d1","JinHua_96","D1",1,0,"Alive","CTS1",1,0,0
"JinHua_97_d1","JinHua_97","D1",1,0,"Alive","CTS1",0.616,0.372,0.012
"JinHua_98_d1","JinHua_98","D1",1,0,"Alive","CTS1",0.604,0.072,0.324
"JinHua_99_d1","JinHua_99","D1",1,0,"Alive","CTS1",0.944,0.044,0.012
"SSR_1_d1","SSR_1","D1",1,0,"Alive","CTS1",1,0,0
"SSR_10_d1","SSR_10","D1",1,0,"Alive","CTS1",0.996,0.002,0.002
"SSR_100_d1","SSR_100","D1",1,0,"Alive","CTS1",0.916,0.022,0.062
"SSR_101_d1","SSR_101","D1",1,0,"Alive","CTS1",1,0,0
"SSR_102_d1","SSR_102","D1",1,0,"Alive","CTS1",1,0,0
"SSR_103_d1","SSR_103","D1",1,0,"Alive","CTS1",1,0,0
"SSR_104_d1","SSR_104","D1",1,1,"Death","CTS1",1,0,0
"SSR_105_d1","SSR_105","D1",1,0,"Alive","CTS1",0.788,0.208,0.004
"SSR_106_d1","SSR_106","D1",1,0,"Alive","CTS1",0.998,0.002,0
"SSR_107_d1","SSR_107","D1",1,1,"Death","CTS2",0.006,0.562,0.432
"SSR_108_d1","SSR_108","D1",1,0,"Alive","CTS1",1,0,0
"SSR_109_d1","SSR_109","D1",1,1,"Death","CTS1",0.76,0.088,0.152
"SSR_11_d1","SSR_11","D1",1,1,"Death","CTS1",0.638,0.144,0.218
"SSR_110_d1","SSR_110","D1",1,0,"Alive","CTS1",1,0,0
"SSR_111_d1","SSR_111","D1",1,0,"Alive","CTS1",0.938,0.062,0
"SSR_112_d1","SSR_112","D1",1,0,"Alive","CTS1",1,0,0
"SSR_113_d1","SSR_113","D1",1,0,"Alive","CTS1",0.91,0.06,0.03
"SSR_114_d1","SSR_114","D1",1,0,"Alive","CTS1",0.718,0.28,0.002
"SSR_115_d1","SSR_115","D1",1,0,"Alive","CTS2",0,0.994,0.006
"SSR_116_d1","SSR_116","D1",1,0,"Alive","CTS3",0.24,0.274,0.486
"SSR_117_d1","SSR_117","D1",1,0,"Alive","CTS1",0.998,0.002,0
"SSR_118_d1","SSR_118","D1",1,0,"Alive","CTS1",0.942,0.058,0
"SSR_12_d1","SSR_12","D1",1,0,"Alive","CTS1",0.996,0.004,0
"SSR_120_d1","SSR_120","D1",1,0,"Alive","CTS3",0.086,0.012,0.902
"SSR_121_d1","SSR_121","D1",1,0,"Alive","CTS1",0.798,0.02,0.182
"SSR_122_d1","SSR_122","D1",1,0,"Alive","CTS1",0.862,0.132,0.006
"SSR_123_d1","SSR_123","D1",1,0,"Alive","CTS3",0.004,0,0.996
"SSR_124_d1","SSR_124","D1",1,0,"Alive","CTS1",1,0,0
"SSR_125_d1","SSR_125","D1",1,0,"Alive","CTS1",0.596,0.404,0
"SSR_126_d1","SSR_126","D1",1,0,"Alive","CTS1",1,0,0
"SSR_127_d1","SSR_127","D1",1,0,"Alive","CTS2",0.01,0.912,0.078
"SSR_128_d1","SSR_128","D1",1,0,"Alive","CTS1",1,0,0
"SSR_129_d1","SSR_129","D1",1,0,"Alive","CTS1",0.776,0.19,0.034
"SSR_13_d1","SSR_13","D1",1,0,"Alive","CTS1",0.97,0,0.03
"SSR_130_d1","SSR_130","D1",1,0,"Alive","CTS1",1,0,0
"SSR_131_d1","SSR_131","D1",1,0,"Alive","CTS1",0.784,0.04,0.176
"SSR_132_d1","SSR_132","D1",1,0,"Alive","CTS1",0.926,0.012,0.062
"SSR_133_d1","SSR_133","D1",1,0,"Alive","CTS1",0.46,0.184,0.356
"SSR_134_d1","SSR_134","D1",1,0,"Alive","CTS1",0.936,0.064,0
"SSR_135_d1","SSR_135","D1",1,0,"Alive","CTS1",0.766,0.02,0.214
"SSR_136_d1","SSR_136","D1",1,0,"Alive","CTS1",0.996,0,0.004
"SSR_137_d1","SSR_137","D1",1,0,"Alive","CTS1",0.868,0.074,0.058
"SSR_138_d1","SSR_138","D1",1,0,"Alive","CTS1",0.548,0.33,0.122
"SSR_139_d1","SSR_139","D1",1,0,"Alive","CTS1",0.998,0.002,0
"SSR_14_d1","SSR_14","D1",1,1,"Death","CTS1",1,0,0
"SSR_140_d1","SSR_140","D1",1,0,"Alive","CTS3",0.456,0.058,0.486
"SSR_141_d1","SSR_141","D1",1,0,"Alive","CTS1",0.988,0.012,0
"SSR_142_d1","SSR_142","D1",1,0,"Alive","CTS1",0.804,0.012,0.184
"SSR_143_d1","SSR_143","D1",1,1,"Death","CTS1",1,0,0
"SSR_144_d1","SSR_144","D1",1,1,"Death","CTS2",0.05,0.912,0.038
"SSR_145_d1","SSR_145","D1",1,0,"Alive","CTS1",0.544,0.456,0
"SSR_146_d1","SSR_146","D1",1,0,"Alive","CTS1",0.994,0.004,0.002
"SSR_147_d1","SSR_147","D1",1,0,"Alive","CTS1",0.678,0.288,0.034
"SSR_148_d1","SSR_148","D1",1,0,"Alive","CTS2",0.186,0.428,0.386
"SSR_149_d1","SSR_149","D1",1,0,"Alive","CTS1",1,0,0
"SSR_15_d1","SSR_15","D1",1,0,"Alive","CTS3",0.302,0.052,0.646
"SSR_150_d1","SSR_150","D1",1,0,"Alive","CTS1",0.496,0.382,0.122
"SSR_151_d1","SSR_151","D1",1,0,"Alive","CTS1",0.682,0.294,0.024
"SSR_152_d1","SSR_152","D1",1,0,"Alive","CTS1",0.966,0.034,0
"SSR_153_d1","SSR_153","D1",1,0,"Alive","CTS1",0.868,0.132,0
"SSR_154_d1","SSR_154","D1",1,1,"Death","CTS3",0.13,0.162,0.708
"SSR_155_d1","SSR_155","D1",1,0,"Alive","CTS1",0.998,0,0.002
"SSR_156_d1","SSR_156","D1",1,0,"Alive","CTS1",0.99,0.008,0.002
"SSR_157_d1","SSR_157","D1",1,0,"Alive","CTS1",0.734,0.266,0
"SSR_158_d1","SSR_158","D1",1,1,"Death","CTS1",0.592,0.392,0.016
"SSR_159_d1","SSR_159","D1",1,0,"Alive","CTS3",0.048,0.296,0.656
"SSR_16_d1","SSR_16","D1",1,0,"Alive","CTS3",0.008,0,0.992
"SSR_160_d1","SSR_160","D1",1,0,"Alive","CTS1",0.472,0.126,0.402
"SSR_161_d1","SSR_161","D1",1,0,"Alive","CTS3",0.002,0,0.998
"SSR_162_d1","SSR_162","D1",1,0,"Alive","CTS1",0.65,0.35,0
"SSR_163_d1","SSR_163","D1",1,0,"Alive","CTS1",0.704,0.07,0.226
"SSR_164_d1","SSR_164","D1",1,0,"Alive","CTS3",0.032,0.01,0.958
"SSR_165_d1","SSR_165","D1",1,0,"Alive","CTS3",0.36,0.074,0.566
"SSR_166_d1","SSR_166","D1",1,0,"Alive","CTS1",0.786,0.064,0.15
"SSR_167_d1","SSR_167","D1",1,0,"Alive","CTS3",0.068,0.032,0.9
"SSR_168_d1","SSR_168","D1",1,0,"Alive","CTS1",0.506,0.088,0.406
"SSR_169_d1","SSR_169","D1",1,0,"Alive","CTS1",0.97,0.026,0.004
"SSR_17_d1","SSR_17","D1",1,0,"Alive","CTS1",1,0,0
"SSR_170_d1","SSR_170","D1",1,0,"Alive","CTS1",1,0,0
"SSR_171_d1","SSR_171","D1",1,0,"Alive","CTS1",1,0,0
"SSR_172_d1","SSR_172","D1",1,0,"Alive","CTS3",0.334,0.09,0.576
"SSR_173_d1","SSR_173","D1",1,1,"Death","CTS1",0.566,0.434,0
"SSR_174_d1","SSR_174","D1",1,0,"Alive","CTS1",0.968,0.026,0.006
"SSR_175_d1","SSR_175","D1",1,0,"Alive","CTS1",0.978,0.02,0.002
"SSR_176_d1","SSR_176","D1",1,1,"Death","CTS1",0.998,0.002,0
"SSR_177_d1","SSR_177","D1",1,0,"Alive","CTS1",0.536,0.278,0.186
"SSR_178_d1","SSR_178","D1",1,0,"Alive","CTS2",0.074,0.51,0.416
"SSR_179_d1","SSR_179","D1",1,0,"Alive","CTS3",0,0,1
"SSR_18_d1","SSR_18","D1",1,0,"Alive","CTS1",1,0,0
"SSR_180_d1","SSR_180","D1",1,0,"Alive","CTS3",0.394,0.034,0.572
"SSR_181_d1","SSR_181","D1",1,0,"Alive","CTS2",0.008,0.978,0.014
"SSR_182_d1","SSR_182","D1",1,0,"Alive","CTS1",0.924,0.062,0.014
"SSR_183_d1","SSR_183","D1",1,1,"Death","CTS1",1,0,0
"SSR_184_d1","SSR_184","D1",1,0,"Alive","CTS1",0.602,0.108,0.29
"SSR_19_d1","SSR_19","D1",1,0,"Alive","CTS1",0.456,0.122,0.422
"SSR_2_d1","SSR_2","D1",1,0,"Alive","CTS1",1,0,0
"SSR_20_d1","SSR_20","D1",1,0,"Alive","CTS1",1,0,0
"SSR_21_d1","SSR_21","D1",1,0,"Alive","CTS1",0.966,0.01,0.024
"SSR_22_d1","SSR_22","D1",1,0,"Alive","CTS1",0.952,0.016,0.032
"SSR_23_d1","SSR_23","D1",1,0,"Alive","CTS1",0.66,0.058,0.282
"SSR_24_d1","SSR_24","D1",1,0,"Alive","CTS1",1,0,0
"SSR_25_d1","SSR_25","D1",1,0,"Alive","CTS3",0.06,0.084,0.856
"SSR_26_d1","SSR_26","D1",1,0,"Alive","CTS3",0.268,0.064,0.668
"SSR_27_d1","SSR_27","D1",1,0,"Alive","CTS1",0.552,0.036,0.412
"SSR_28_d1","SSR_28","D1",1,0,"Alive","CTS3",0.202,0.322,0.476
"SSR_29_d1","SSR_29","D1",1,0,"Alive","CTS1",1,0,0
"SSR_3_d1","SSR_3","D1",1,0,"Alive","CTS1",0.92,0.02,0.06
"SSR_30_d1","SSR_30","D1",1,0,"Alive","CTS1",1,0,0
"SSR_31_d1","SSR_31","D1",1,0,"Alive","CTS2",0.18,0.768,0.052
"SSR_32_d1","SSR_32","D1",1,0,"Alive","CTS1",0.812,0.188,0
"SSR_33_d1","SSR_33","D1",1,0,"Alive","CTS1",1,0,0
"SSR_34_d1","SSR_34","D1",1,0,"Alive","CTS1",1,0,0
"SSR_35_d1","SSR_35","D1",1,1,"Death","CTS2",0.356,0.558,0.086
"SSR_36_d1","SSR_36","D1",1,1,"Death","CTS1",0.824,0.172,0.004
"SSR_37_d1","SSR_37","D1",1,0,"Alive","CTS1",0.886,0.044,0.07
"SSR_38_d1","SSR_38","D1",1,0,"Alive","CTS1",0.562,0.418,0.02
"SSR_39_d1","SSR_39","D1",1,0,"Alive","CTS1",0.756,0.048,0.196
"SSR_4_d1","SSR_4","D1",1,0,"Alive","CTS1",0.762,0.032,0.206
"SSR_40_d1","SSR_40","D1",1,0,"Alive","CTS1",0.856,0.042,0.102
"SSR_41_d1","SSR_41","D1",1,0,"Alive","CTS2",0.46,0.518,0.022
"SSR_42_d1","SSR_42","D1",1,0,"Alive","CTS3",0.24,0.024,0.736
"SSR_43_d1","SSR_43","D1",1,0,"Alive","CTS3",0,0,1
"SSR_44_d1","SSR_44","D1",1,1,"Death","CTS3",0.038,0.016,0.946
"SSR_45_d1","SSR_45","D1",1,0,"Alive","CTS3",0.256,0.112,0.632
"SSR_46_d1","SSR_46","D1",1,0,"Alive","CTS3",0,0,1
"SSR_47_d1","SSR_47","D1",1,0,"Alive","CTS3",0.342,0.026,0.632
"SSR_48_d1","SSR_48","D1",1,0,"Alive","CTS3",0.002,0,0.998
"SSR_5_d1","SSR_5","D1",1,0,"Alive","CTS1",1,0,0
"SSR_50_d1","SSR_50","D1",1,0,"Alive","CTS1",0.812,0.052,0.136
"SSR_51_d1","SSR_51","D1",1,0,"Alive","CTS3",0.272,0.16,0.568
"SSR_52_d1","SSR_52","D1",1,0,"Alive","CTS2",0.054,0.776,0.17
"SSR_53_d1","SSR_53","D1",1,0,"Alive","CTS1",0.726,0.102,0.172
"SSR_54_d1","SSR_54","D1",1,0,"Alive","CTS3",0.16,0.046,0.794
"SSR_55_d1","SSR_55","D1",1,0,"Alive","CTS1",0.516,0.06,0.424
"SSR_56_d1","SSR_56","D1",1,0,"Alive","CTS3",0.002,0.002,0.996
"SSR_57_d1","SSR_57","D1",1,0,"Alive","CTS1",0.758,0.072,0.17
"SSR_58_d1","SSR_58","D1",1,0,"Alive","CTS3",0.052,0.008,0.94
"SSR_59_d1","SSR_59","D1",1,1,"Death","CTS1",0.98,0.012,0.008
"SSR_6_d1","SSR_6","D1",1,0,"Alive","CTS3",0.106,0.396,0.498
"SSR_60_d1","SSR_60","D1",1,0,"Alive","CTS3",0.022,0.318,0.66
"SSR_61_d1","SSR_61","D1",1,0,"Alive","CTS3",0.196,0.026,0.778
"SSR_62_d1","SSR_62","D1",1,0,"Alive","CTS3",0.156,0.006,0.838
"SSR_63_d1","SSR_63","D1",1,0,"Alive","CTS1",0.472,0.068,0.46
"SSR_64_d1","SSR_64","D1",1,0,"Alive","CTS1",0.612,0.056,0.332
"SSR_65_d1","SSR_65","D1",1,0,"Alive","CTS1",0.97,0.004,0.026
"SSR_66_d1","SSR_66","D1",1,0,"Alive","CTS1",0.526,0.182,0.292
"SSR_67_d1","SSR_67","D1",1,0,"Alive","CTS1",0.544,0.068,0.388
"SSR_68_d1","SSR_68","D1",1,0,"Alive","CTS3",0.436,0.05,0.514
"SSR_69_d1","SSR_69","D1",1,1,"Death","CTS3",0.002,0.002,0.996
"SSR_7_d1","SSR_7","D1",1,0,"Alive","CTS1",0.954,0.008,0.038
"SSR_70_d1","SSR_70","D1",1,0,"Alive","CTS3",0.36,0.052,0.588
"SSR_71_d1","SSR_71","D1",1,0,"Alive","CTS3",0,0,1
"SSR_72_d1","SSR_72","D1",1,0,"Alive","CTS3",0.416,0.096,0.488
"SSR_73_d1","SSR_73","D1",1,0,"Alive","CTS1",0.57,0.052,0.378
"SSR_74_d1","SSR_74","D1",1,0,"Alive","CTS1",0.57,0.086,0.344
"SSR_75_d1","SSR_75","D1",1,0,"Alive","CTS1",0.69,0.064,0.246
"SSR_76_d1","SSR_76","D1",1,1,"Death","CTS3",0.096,0.038,0.866
"SSR_77_d1","SSR_77","D1",1,0,"Alive","CTS3",0.134,0.008,0.858
"SSR_78_d1","SSR_78","D1",1,0,"Alive","CTS1",0.658,0.058,0.284
"SSR_79_d1","SSR_79","D1",1,0,"Alive","CTS1",0.638,0.09,0.272
"SSR_8_d1","SSR_8","D1",1,0,"Alive","CTS2",0.092,0.528,0.38
"SSR_80_d1","SSR_80","D1",1,1,"Death","CTS1",1,0,0
"SSR_81_d1","SSR_81","D1",1,0,"Alive","CTS3",0,0,1
"SSR_83_d1","SSR_83","D1",1,0,"Alive","CTS1",0.842,0.048,0.11
"SSR_84_d1","SSR_84","D1",1,1,"Death","CTS3",0,0.05,0.95
"SSR_85_d1","SSR_85","D1",1,0,"Alive","CTS3",0.224,0.026,0.75
"SSR_86_d1","SSR_86","D1",1,0,"Alive","CTS1",0.808,0.12,0.072
"SSR_87_d1","SSR_87","D1",1,0,"Alive","CTS3",0,0,1
"SSR_88_d1","SSR_88","D1",1,1,"Death","CTS3",0.014,0.014,0.972
"SSR_89_d1","SSR_89","D1",1,0,"Alive","CTS1",0.702,0.072,0.226
"SSR_9_d1","SSR_9","D1",1,0,"Alive","CTS1",1,0,0
"SSR_90_d1","SSR_90","D1",1,0,"Alive","CTS1",0.824,0.154,0.022
"SSR_91_d1","SSR_91","D1",1,0,"Alive","CTS2",0.244,0.726,0.03
"SSR_92_d1","SSR_92","D1",1,0,"Alive","CTS2",0.006,0.72,0.274
"SSR_93_d1","SSR_93","D1",1,0,"Alive","CTS1",0.638,0.266,0.096
"SSR_94_d1","SSR_94","D1",1,0,"Alive","CTS1",0.648,0.062,0.29
"SSR_95_d1","SSR_95","D1",1,0,"Alive","CTS1",1,0,0
"SSR_96_d1","SSR_96","D1",1,0,"Alive","CTS1",0.628,0.034,0.338
"SSR_97_d1","SSR_97","D1",1,0,"Alive","CTS1",1,0,0
"SSR_98_d1","SSR_98","D1",1,0,"Alive","CTS1",1,0,0
"SSR_99_d1","SSR_99","D1",1,0,"Alive","CTS1",0.66,0.34,0
"JinHua_1_d3","JinHua_1","D3",3,0,"Alive","CTS3",0.222,0.324,0.454
"JinHua_10_d3","JinHua_10","D3",3,1,"Death","CTS2",0.318,0.446,0.236
"JinHua_100_d3","JinHua_100","D3",3,0,"Alive","CTS3",0,0.032,0.968
"JinHua_101_d3","JinHua_101","D3",3,0,"Alive","CTS3",0.158,0.09,0.752
"JinHua_102_d3","JinHua_102","D3",3,0,"Alive","CTS3",0.172,0.038,0.79
"JinHua_103_d3","JinHua_103","D3",3,0,"Alive","CTS1",0.618,0.058,0.324
"JinHua_104_d3","JinHua_104","D3",3,0,"Alive","CTS3",0.158,0.222,0.62
"JinHua_105_d3","JinHua_105","D3",3,0,"Alive","CTS2",0.282,0.51,0.208
"JinHua_106_d3","JinHua_106","D3",3,0,"Alive","CTS1",0.898,0.034,0.068
"JinHua_107_d3","JinHua_107","D3",3,0,"Alive","CTS1",0.716,0.182,0.102
"JinHua_108_d3","JinHua_108","D3",3,0,"Alive","CTS1",0.462,0.446,0.092
"JinHua_11_d3","JinHua_11","D3",3,0,"Alive","CTS1",0.51,0.112,0.378
"JinHua_110_d3","JinHua_110","D3",3,0,"Alive","CTS2",0.136,0.44,0.424
"JinHua_111_d3","JinHua_111","D3",3,0,"Alive","CTS1",0.708,0.09,0.202
"JinHua_112_d3","JinHua_112","D3",3,0,"Alive","CTS3",0.354,0.122,0.524
"JinHua_113_d3","JinHua_113","D3",3,0,"Alive","CTS3",0.02,0.21,0.77
"JinHua_114_d3","JinHua_114","D3",3,0,"Alive","CTS2",0.006,0.958,0.036
"JinHua_115_d3","JinHua_115","D3",3,1,"Death","CTS1",0.966,0.014,0.02
"JinHua_116_d3","JinHua_116","D3",3,0,"Alive","CTS2",0.116,0.836,0.048
"JinHua_117_d3","JinHua_117","D3",3,0,"Alive","CTS3",0.068,0.264,0.668
"JinHua_118_d3","JinHua_118","D3",3,0,"Alive","CTS3",0.412,0.11,0.478
"JinHua_119_d3","JinHua_119","D3",3,0,"Alive","CTS3",0,0,1
"JinHua_12_d3","JinHua_12","D3",3,0,"Alive","CTS2",0.106,0.84,0.054
"JinHua_120_d3","JinHua_120","D3",3,0,"Alive","CTS1",0.586,0.078,0.336
"JinHua_121_d3","JinHua_121","D3",3,1,"Death","CTS3",0.028,0.028,0.944
"JinHua_122_d3","JinHua_122","D3",3,0,"Alive","CTS3",0,0,1
"JinHua_123_d3","JinHua_123","D3",3,1,"Death","CTS2",0.296,0.452,0.252
"JinHua_124_d3","JinHua_124","D3",3,0,"Alive","CTS3",0.002,0,0.998
"JinHua_126_d3","JinHua_126","D3",3,0,"Alive","CTS1",0.592,0.098,0.31
"JinHua_128_d3","JinHua_128","D3",3,0,"Alive","CTS3",0,0.002,0.998
"JinHua_129_d3","JinHua_129","D3",3,0,"Alive","CTS3",0.21,0.014,0.776
"JinHua_13_d3","JinHua_13","D3",3,0,"Alive","CTS1",1,0,0
"JinHua_131_d3","JinHua_131","D3",3,0,"Alive","CTS2",0.012,0.916,0.072
"JinHua_132_d3","JinHua_132","D3",3,0,"Alive","CTS3",0.002,0.068,0.93
"JinHua_133_d3","JinHua_133","D3",3,0,"Alive","CTS3",0.256,0.064,0.68
"JinHua_134_d3","JinHua_134","D3",3,0,"Alive","CTS2",0.406,0.578,0.016
"JinHua_135_d3","JinHua_135","D3",3,0,"Alive","CTS3",0,0.026,0.974
"JinHua_136_d3","JinHua_136","D3",3,0,"Alive","CTS1",0.868,0.088,0.044
"JinHua_137_d3","JinHua_137","D3",3,0,"Alive","CTS1",0.996,0,0.004
"JinHua_138_d3","JinHua_138","D3",3,1,"Death","CTS3",0,0,1
"JinHua_139_d3","JinHua_139","D3",3,0,"Alive","CTS3",0,0,1
"JinHua_14_d3","JinHua_14","D3",3,0,"Alive","CTS3",0.006,0.022,0.972
"JinHua_140_d3","JinHua_140","D3",3,0,"Alive","CTS2",0,0.98,0.02
"JinHua_141_d3","JinHua_141","D3",3,0,"Alive","CTS3",0.024,0.282,0.694
"JinHua_143_d3","JinHua_143","D3",3,0,"Alive","CTS3",0.032,0.336,0.632
"JinHua_144_d3","JinHua_144","D3",3,1,"Death","CTS3",0.156,0.236,0.608
"JinHua_145_d3","JinHua_145","D3",3,0,"Alive","CTS2",0.004,0.676,0.32
"JinHua_146_d3","JinHua_146","D3",3,0,"Alive","CTS2",0.016,0.492,0.492
"JinHua_147_d3","JinHua_147","D3",3,0,"Alive","CTS3",0.02,0.35,0.63
"JinHua_148_d3","JinHua_148","D3",3,0,"Alive","CTS1",0.436,0.344,0.22
"JinHua_149_d3","JinHua_149","D3",3,0,"Alive","CTS2",0.308,0.68,0.012
"JinHua_15_d3","JinHua_15","D3",3,0,"Alive","CTS3",0.026,0.06,0.914
"JinHua_150_d3","JinHua_150","D3",3,0,"Alive","CTS2",0.104,0.688,0.208
"JinHua_151_d3","JinHua_151","D3",3,0,"Alive","CTS3",0.004,0,0.996
"JinHua_152_d3","JinHua_152","D3",3,0,"Alive","CTS3",0.466,0.04,0.494
"JinHua_153_d3","JinHua_153","D3",3,0,"Alive","CTS1",0.968,0.01,0.022
"JinHua_155_d3","JinHua_155","D3",3,0,"Alive","CTS3",0,0,1
"JinHua_156_d3","JinHua_156","D3",3,1,"Death","CTS3",0.118,0.03,0.852
"JinHua_157_d3","JinHua_157","D3",3,0,"Alive","CTS3",0,0,1
"JinHua_158_d3","JinHua_158","D3",3,0,"Alive","CTS3",0,0,1
"JinHua_159_d3","JinHua_159","D3",3,0,"Alive","CTS2",0,0.964,0.036
"JinHua_16_d3","JinHua_16","D3",3,0,"Alive","CTS1",0.576,0.424,0
"JinHua_160_d3","JinHua_160","D3",3,0,"Alive","CTS1",0.908,0.076,0.016
"JinHua_161_d3","JinHua_161","D3",3,0,"Alive","CTS2",0,0.846,0.154
"JinHua_162_d3","JinHua_162","D3",3,0,"Alive","CTS1",0.734,0.222,0.044
"JinHua_163_d3","JinHua_163","D3",3,0,"Alive","CTS3",0,0,1
"JinHua_165_d3","JinHua_165","D3",3,0,"Alive","CTS3",0.066,0.284,0.65
"JinHua_166_d3","JinHua_166","D3",3,0,"Alive","CTS3",0.06,0.248,0.692
"JinHua_167_d3","JinHua_167","D3",3,0,"Alive","CTS3",0.048,0.042,0.91
"JinHua_168_d3","JinHua_168","D3",3,0,"Alive","CTS3",0.126,0.08,0.794
"JinHua_169_d3","JinHua_169","D3",3,0,"Alive","CTS2",0.012,0.68,0.308
"JinHua_17_d3","JinHua_17","D3",3,0,"Alive","CTS1",0.574,0.096,0.33
"JinHua_170_d3","JinHua_170","D3",3,1,"Death","CTS2",0.058,0.49,0.452
"JinHua_171_d3","JinHua_171","D3",3,0,"Alive","CTS3",0.21,0.03,0.76
"JinHua_172_d3","JinHua_172","D3",3,0,"Alive","CTS3",0.24,0.008,0.752
"JinHua_173_d3","JinHua_173","D3",3,1,"Death","CTS1",0.998,0,0.002
"JinHua_174_d3","JinHua_174","D3",3,0,"Alive","CTS1",0.618,0.374,0.008
"JinHua_175_d3","JinHua_175","D3",3,0,"Alive","CTS3",0.05,0.018,0.932
"JinHua_176_d3","JinHua_176","D3",3,0,"Alive","CTS1",0.91,0.082,0.008
"JinHua_177_d3","JinHua_177","D3",3,0,"Alive","CTS3",0,0,1
"JinHua_178_d3","JinHua_178","D3",3,0,"Alive","CTS1",0.482,0.224,0.294
"JinHua_179_d3","JinHua_179","D3",3,1,"Death","CTS1",0.926,0.022,0.052
"JinHua_18_d3","JinHua_18","D3",3,0,"Alive","CTS3",0.346,0.082,0.572
"JinHua_180_d3","JinHua_180","D3",3,0,"Alive","CTS3",0,0,1
"JinHua_181_d3","JinHua_181","D3",3,0,"Alive","CTS1",0.614,0.044,0.342
"JinHua_182_d3","JinHua_182","D3",3,0,"Alive","CTS2",0.254,0.59,0.156
"JinHua_183_d3","JinHua_183","D3",3,0,"Alive","CTS3",0.006,0.002,0.992
"JinHua_184_d3","JinHua_184","D3",3,0,"Alive","CTS1",0.644,0.064,0.292
"JinHua_185_d3","JinHua_185","D3",3,0,"Alive","CTS3",0,0.002,0.998
"JinHua_186_d3","JinHua_186","D3",3,0,"Alive","CTS2",0.016,0.674,0.31
"JinHua_188_d3","JinHua_188","D3",3,0,"Alive","CTS3",0.262,0.026,0.712
"JinHua_189_d3","JinHua_189","D3",3,0,"Alive","CTS3",0.242,0.18,0.578
"JinHua_19_d3","JinHua_19","D3",3,0,"Alive","CTS3",0.32,0.076,0.604
"JinHua_190_d3","JinHua_190","D3",3,0,"Alive","CTS3",0,0,1
"JinHua_191_d3","JinHua_191","D3",3,0,"Alive","CTS3",0.008,0.002,0.99
"JinHua_192_d3","JinHua_192","D3",3,0,"Alive","CTS3",0.024,0.006,0.97
"JinHua_193_d3","JinHua_193","D3",3,0,"Alive","CTS3",0.01,0.25,0.74
"JinHua_194_d3","JinHua_194","D3",3,0,"Alive","CTS3",0.388,0.036,0.576
"JinHua_195_d3","JinHua_195","D3",3,0,"Alive","CTS3",0,0,1
"JinHua_197_d3","JinHua_197","D3",3,0,"Alive","CTS2",0.388,0.49,0.122
"JinHua_198_d3","JinHua_198","D3",3,0,"Alive","CTS3",0.014,0.006,0.98
"JinHua_199_d3","JinHua_199","D3",3,1,"Death","CTS1",0.846,0.116,0.038
"JinHua_2_d3","JinHua_2","D3",3,0,"Alive","CTS3",0.366,0.192,0.442
"JinHua_20_d3","JinHua_20","D3",3,0,"Alive","CTS3",0.226,0.066,0.708
"JinHua_200_d3","JinHua_200","D3",3,0,"Alive","CTS3",0.184,0.082,0.734
"JinHua_201_d3","JinHua_201","D3",3,0,"Alive","CTS1",0.876,0.118,0.006
"JinHua_203_d3","JinHua_203","D3",3,0,"Alive","CTS3",0.012,0.06,0.928
"JinHua_204_d3","JinHua_204","D3",3,0,"Alive","CTS3",0.22,0.072,0.708
"JinHua_205_d3","JinHua_205","D3",3,0,"Alive","CTS3",0.474,0.028,0.498
"JinHua_206_d3","JinHua_206","D3",3,0,"Alive","CTS1",0.616,0.384,0
"JinHua_207_d3","JinHua_207","D3",3,0,"Alive","CTS3",0.446,0.032,0.522
"JinHua_208_d3","JinHua_208","D3",3,0,"Alive","CTS2",0.164,0.682,0.154
"JinHua_209_d3","JinHua_209","D3",3,0,"Alive","CTS1",0.906,0.006,0.088
"JinHua_21_d3","JinHua_21","D3",3,0,"Alive","CTS3",0.27,0.096,0.634
"JinHua_210_d3","JinHua_210","D3",3,0,"Alive","CTS3",0,0.028,0.972
"JinHua_211_d3","JinHua_211","D3",3,0,"Alive","CTS3",0,0,1
"JinHua_212_d3","JinHua_212","D3",3,0,"Alive","CTS3",0,0,1
"JinHua_213_d3","JinHua_213","D3",3,0,"Alive","CTS3",0,0,1
"JinHua_214_d3","JinHua_214","D3",3,0,"Alive","CTS1",1,0,0
"JinHua_215_d3","JinHua_215","D3",3,0,"Alive","CTS2",0.138,0.822,0.04
"JinHua_216_d3","JinHua_216","D3",3,0,"Alive","CTS2",0.042,0.924,0.034
"JinHua_217_d3","JinHua_217","D3",3,0,"Alive","CTS3",0.034,0.012,0.954
"JinHua_218_d3","JinHua_218","D3",3,0,"Alive","CTS3",0,0.006,0.994
"JinHua_219_d3","JinHua_219","D3",3,0,"Alive","CTS3",0.01,0.298,0.692
"JinHua_22_d3","JinHua_22","D3",3,0,"Alive","CTS2",0.296,0.382,0.322
"JinHua_220_d3","JinHua_220","D3",3,0,"Alive","CTS1",0.898,0.006,0.096
"JinHua_221_d3","JinHua_221","D3",3,0,"Alive","CTS1",0.546,0.14,0.314
"JinHua_222_d3","JinHua_222","D3",3,0,"Alive","CTS3",0,0,1
"JinHua_223_d3","JinHua_223","D3",3,0,"Alive","CTS2",0.008,0.964,0.028
"JinHua_224_d3","JinHua_224","D3",3,0,"Alive","CTS3",0.004,0,0.996
"JinHua_225_d3","JinHua_225","D3",3,1,"Death","CTS2",0.112,0.854,0.034
"JinHua_23_d3","JinHua_23","D3",3,0,"Alive","CTS3",0.22,0.074,0.706
"JinHua_24_d3","JinHua_24","D3",3,0,"Alive","CTS1",0.914,0.028,0.058
"JinHua_25_d3","JinHua_25","D3",3,1,"Death","CTS1",0.676,0.078,0.246
"JinHua_26_d3","JinHua_26","D3",3,0,"Alive","CTS3",0.214,0.364,0.422
"JinHua_27_d3","JinHua_27","D3",3,1,"Death","CTS3",0.426,0.102,0.472
"JinHua_28_d3","JinHua_28","D3",3,0,"Alive","CTS2",0.164,0.484,0.352
"JinHua_29_d3","JinHua_29","D3",3,0,"Alive","CTS3",0.2,0.044,0.756
"JinHua_3_d3","JinHua_3","D3",3,0,"Alive","CTS1",0.744,0.186,0.07
"JinHua_30_d3","JinHua_30","D3",3,0,"Alive","CTS3",0.172,0.014,0.814
"JinHua_31_d3","JinHua_31","D3",3,0,"Alive","CTS1",0.638,0.094,0.268
"JinHua_32_d3","JinHua_32","D3",3,1,"Death","CTS2",0.118,0.874,0.008
"JinHua_33_d3","JinHua_33","D3",3,0,"Alive","CTS2",0.22,0.752,0.028
"JinHua_34_d3","JinHua_34","D3",3,0,"Alive","CTS3",0.008,0.052,0.94
"JinHua_35_d3","JinHua_35","D3",3,0,"Alive","CTS3",0.14,0.212,0.648
"JinHua_36_d3","JinHua_36","D3",3,1,"Death","CTS2",0.254,0.456,0.29
"JinHua_37_d3","JinHua_37","D3",3,0,"Alive","CTS3",0.024,0.004,0.972
"JinHua_38_d3","JinHua_38","D3",3,0,"Alive","CTS1",0.966,0.008,0.026
"JinHua_39_d3","JinHua_39","D3",3,0,"Alive","CTS1",0.99,0.008,0.002
"JinHua_4_d3","JinHua_4","D3",3,0,"Alive","CTS3",0.066,0.064,0.87
"JinHua_40_d3","JinHua_40","D3",3,0,"Alive","CTS2",0.06,0.872,0.068
"JinHua_41_d3","JinHua_41","D3",3,0,"Alive","CTS2",0,0.856,0.144
"JinHua_42_d3","JinHua_42","D3",3,0,"Alive","CTS2",0.02,0.832,0.148
"JinHua_43_d3","JinHua_43","D3",3,0,"Alive","CTS3",0.002,0.004,0.994
"JinHua_44_d3","JinHua_44","D3",3,0,"Alive","CTS3",0.108,0.07,0.822
"JinHua_45_d3","JinHua_45","D3",3,0,"Alive","CTS3",0.006,0.01,0.984
"JinHua_46_d3","JinHua_46","D3",3,0,"Alive","CTS1",0.474,0.134,0.392
"JinHua_48_d3","JinHua_48","D3",3,0,"Alive","CTS3",0.016,0.008,0.976
"JinHua_49_d3","JinHua_49","D3",3,0,"Alive","CTS3",0.016,0.006,0.978
"JinHua_5_d3","JinHua_5","D3",3,0,"Alive","CTS1",0.492,0.074,0.434
"JinHua_50_d3","JinHua_50","D3",3,0,"Alive","CTS1",1,0,0
"JinHua_51_d3","JinHua_51","D3",3,0,"Alive","CTS3",0.25,0.082,0.668
"JinHua_52_d3","JinHua_52","D3",3,0,"Alive","CTS2",0.044,0.906,0.05
"JinHua_53_d3","JinHua_53","D3",3,0,"Alive","CTS3",0,0.002,0.998
"JinHua_54_d3","JinHua_54","D3",3,0,"Alive","CTS1",0.944,0.044,0.012
"JinHua_55_d3","JinHua_55","D3",3,0,"Alive","CTS1",0.63,0.042,0.328
"JinHua_56_d3","JinHua_56","D3",3,0,"Alive","CTS2",0.234,0.726,0.04
"JinHua_57_d3","JinHua_57","D3",3,0,"Alive","CTS1",1,0,0
"JinHua_59_d3","JinHua_59","D3",3,0,"Alive","CTS2",0.062,0.93,0.008
"JinHua_6_d3","JinHua_6","D3",3,0,"Alive","CTS1",0.456,0.13,0.414
"JinHua_60_d3","JinHua_60","D3",3,1,"Death","CTS1",0.81,0.12,0.07
"JinHua_61_d3","JinHua_61","D3",3,0,"Alive","CTS3",0,0,1
"JinHua_62_d3","JinHua_62","D3",3,0,"Alive","CTS3",0.04,0.24,0.72
"JinHua_63_d3","JinHua_63","D3",3,0,"Alive","CTS2",0.338,0.356,0.306
"JinHua_64_d3","JinHua_64","D3",3,0,"Alive","CTS3",0.36,0.196,0.444
"JinHua_65_d3","JinHua_65","D3",3,0,"Alive","CTS2",0.002,0.832,0.166
"JinHua_66_d3","JinHua_66","D3",3,0,"Alive","CTS1",0.554,0.446,0
"JinHua_67_d3","JinHua_67","D3",3,0,"Alive","CTS3",0.446,0.062,0.492
"JinHua_68_d3","JinHua_68","D3",3,0,"Alive","CTS2",0.018,0.618,0.364
"JinHua_69_d3","JinHua_69","D3",3,0,"Alive","CTS2",0.05,0.874,0.076
"JinHua_7_d3","JinHua_7","D3",3,0,"Alive","CTS1",0.496,0.118,0.386
"JinHua_70_d3","JinHua_70","D3",3,0,"Alive","CTS2",0.054,0.824,0.122
"JinHua_72_d3","JinHua_72","D3",3,0,"Alive","CTS1",0.618,0.076,0.306
"JinHua_73_d3","JinHua_73","D3",3,0,"Alive","CTS1",0.912,0.052,0.036
"JinHua_74_d3","JinHua_74","D3",3,0,"Alive","CTS3",0.056,0.076,0.868
"JinHua_75_d3","JinHua_75","D3",3,0,"Alive","CTS3",0.046,0.044,0.91
"JinHua_76_d3","JinHua_76","D3",3,0,"Alive","CTS1",0.946,0.048,0.006
"JinHua_77_d3","JinHua_77","D3",3,0,"Alive","CTS1",0.89,0.032,0.078
"JinHua_78_d3","JinHua_78","D3",3,0,"Alive","CTS2",0,1,0
"JinHua_79_d3","JinHua_79","D3",3,0,"Alive","CTS2",0.014,0.974,0.012
"JinHua_8_d3","JinHua_8","D3",3,0,"Alive","CTS3",0.046,0.06,0.894
"JinHua_80_d3","JinHua_80","D3",3,0,"Alive","CTS1",0.832,0.056,0.112
"JinHua_81_d3","JinHua_81","D3",3,0,"Alive","CTS1",0.572,0.104,0.324
"JinHua_82_d3","JinHua_82","D3",3,0,"Alive","CTS2",0.002,0.962,0.036
"JinHua_83_d3","JinHua_83","D3",3,1,"Death","CTS1",0.516,0.258,0.226
"JinHua_84_d3","JinHua_84","D3",3,1,"Death","CTS2",0.034,0.85,0.116
"JinHua_86_d3","JinHua_86","D3",3,0,"Alive","CTS3",0,0,1
"JinHua_87_d3","JinHua_87","D3",3,0,"Alive","CTS1",0.872,0.036,0.092
"JinHua_88_d3","JinHua_88","D3",3,0,"Alive","CTS2",0.014,0.742,0.244
"JinHua_89_d3","JinHua_89","D3",3,0,"Alive","CTS3",0,0.018,0.982
"JinHua_9_d3","JinHua_9","D3",3,0,"Alive","CTS1",0.478,0.136,0.386
"JinHua_90_d3","JinHua_90","D3",3,0,"Alive","CTS2",0.01,0.976,0.014
"JinHua_91_d3","JinHua_91","D3",3,1,"Death","CTS3",0.024,0.152,0.824
"JinHua_92_d3","JinHua_92","D3",3,0,"Alive","CTS3",0,0.002,0.998
"JinHua_93_d3","JinHua_93","D3",3,1,"Death","CTS1",1,0,0
"JinHua_94_d3","JinHua_94","D3",3,0,"Alive","CTS1",0.856,0.14,0.004
"JinHua_95_d3","JinHua_95","D3",3,0,"Alive","CTS2",0.002,0.998,0
"JinHua_96_d3","JinHua_96","D3",3,0,"Alive","CTS1",0.89,0.044,0.066
"JinHua_97_d3","JinHua_97","D3",3,0,"Alive","CTS2",0.016,0.752,0.232
"JinHua_99_d3","JinHua_99","D3",3,0,"Alive","CTS3",0.028,0.078,0.894
"SSR_1_d3","SSR_1","D3",3,0,"Alive","CTS1",0.556,0.064,0.38
"SSR_10_d3","SSR_10","D3",3,0,"Alive","CTS1",1,0,0
"SSR_101_d3","SSR_101","D3",3,0,"Alive","CTS3",0.15,0.02,0.83
"SSR_102_d3","SSR_102","D3",3,0,"Alive","CTS1",0.782,0.02,0.198
"SSR_103_d3","SSR_103","D3",3,0,"Alive","CTS1",1,0,0
"SSR_105_d3","SSR_105","D3",3,0,"Alive","CTS3",0.028,0.05,0.922
"SSR_106_d3","SSR_106","D3",3,0,"Alive","CTS3",0.04,0.34,0.62
"SSR_108_d3","SSR_108","D3",3,0,"Alive","CTS1",0.63,0.098,0.272
"SSR_11_d3","SSR_11","D3",3,1,"Death","CTS1",0.488,0.094,0.418
"SSR_111_d3","SSR_111","D3",3,0,"Alive","CTS3",0.204,0.288,0.508
"SSR_114_d3","SSR_114","D3",3,0,"Alive","CTS2",0.31,0.522,0.168
"SSR_115_d3","SSR_115","D3",3,0,"Alive","CTS2",0.002,0.938,0.06
"SSR_117_d3","SSR_117","D3",3,0,"Alive","CTS3",0,0,1
"SSR_118_d3","SSR_118","D3",3,0,"Alive","CTS3",0.052,0.016,0.932
"SSR_12_d3","SSR_12","D3",3,0,"Alive","CTS3",0.318,0.032,0.65
"SSR_120_d3","SSR_120","D3",3,0,"Alive","CTS3",0,0.002,0.998
"SSR_121_d3","SSR_121","D3",3,0,"Alive","CTS3",0.002,0.002,0.996
"SSR_124_d3","SSR_124","D3",3,0,"Alive","CTS1",0.522,0.036,0.442
"SSR_125_d3","SSR_125","D3",3,0,"Alive","CTS2",0.108,0.844,0.048
"SSR_127_d3","SSR_127","D3",3,0,"Alive","CTS2",0.042,0.62,0.338
"SSR_128_d3","SSR_128","D3",3,0,"Alive","CTS3",0.352,0.06,0.588
"SSR_129_d3","SSR_129","D3",3,0,"Alive","CTS3",0.18,0.276,0.544
"SSR_13_d3","SSR_13","D3",3,0,"Alive","CTS3",0.128,0.03,0.842
"SSR_130_d3","SSR_130","D3",3,0,"Alive","CTS1",0.884,0.038,0.078
"SSR_131_d3","SSR_131","D3",3,0,"Alive","CTS2",0.214,0.548,0.238
"SSR_132_d3","SSR_132","D3",3,0,"Alive","CTS2",0.49,0.502,0.008
"SSR_134_d3","SSR_134","D3",3,0,"Alive","CTS1",0.512,0.056,0.432
"SSR_135_d3","SSR_135","D3",3,0,"Alive","CTS3",0.148,0.03,0.822
"SSR_139_d3","SSR_139","D3",3,0,"Alive","CTS1",0.77,0.046,0.184
"SSR_14_d3","SSR_14","D3",3,1,"Death","CTS1",1,0,0
"SSR_140_d3","SSR_140","D3",3,0,"Alive","CTS3",0.222,0.014,0.764
"SSR_143_d3","SSR_143","D3",3,1,"Death","CTS1",0.994,0.002,0.004
"SSR_144_d3","SSR_144","D3",3,1,"Death","CTS2",0,0.992,0.008
"SSR_145_d3","SSR_145","D3",3,0,"Alive","CTS2",0.064,0.918,0.018
"SSR_146_d3","SSR_146","D3",3,0,"Alive","CTS1",0.776,0.018,0.206
"SSR_15_d3","SSR_15","D3",3,0,"Alive","CTS3",0.048,0.01,0.942
"SSR_150_d3","SSR_150","D3",3,0,"Alive","CTS2",0.078,0.534,0.388
"SSR_151_d3","SSR_151","D3",3,0,"Alive","CTS3",0.05,0.014,0.936
"SSR_152_d3","SSR_152","D3",3,0,"Alive","CTS2",0.394,0.598,0.008
"SSR_154_d3","SSR_154","D3",3,1,"Death","CTS3",0.002,0,0.998
"SSR_157_d3","SSR_157","D3",3,0,"Alive","CTS1",0.642,0.196,0.162
"SSR_158_d3","SSR_158","D3",3,1,"Death","CTS2",0.038,0.808,0.154
"SSR_159_d3","SSR_159","D3",3,0,"Alive","CTS3",0,0.088,0.912
"SSR_16_d3","SSR_16","D3",3,0,"Alive","CTS3",0.008,0,0.992
"SSR_161_d3","SSR_161","D3",3,0,"Alive","CTS3",0,0.002,0.998
"SSR_162_d3","SSR_162","D3",3,0,"Alive","CTS1",0.93,0.07,0
"SSR_163_d3","SSR_163","D3",3,0,"Alive","CTS3",0.004,0,0.996
"SSR_164_d3","SSR_164","D3",3,0,"Alive","CTS3",0.006,0.46,0.534
"SSR_165_d3","SSR_165","D3",3,0,"Alive","CTS3",0.03,0.292,0.678
"SSR_166_d3","SSR_166","D3",3,0,"Alive","CTS1",0.698,0.054,0.248
"SSR_167_d3","SSR_167","D3",3,0,"Alive","CTS2",0.022,0.566,0.412
"SSR_169_d3","SSR_169","D3",3,0,"Alive","CTS1",0.652,0.08,0.268
"SSR_17_d3","SSR_17","D3",3,0,"Alive","CTS1",0.52,0.068,0.412
"SSR_170_d3","SSR_170","D3",3,0,"Alive","CTS1",0.582,0.01,0.408
"SSR_171_d3","SSR_171","D3",3,0,"Alive","CTS1",0.792,0.026,0.182
"SSR_172_d3","SSR_172","D3",3,0,"Alive","CTS3",0,0,1
"SSR_173_d3","SSR_173","D3",3,1,"Death","CTS2",0.46,0.538,0.002
"SSR_174_d3","SSR_174","D3",3,0,"Alive","CTS1",0.8,0.144,0.056
"SSR_175_d3","SSR_175","D3",3,0,"Alive","CTS3",0.292,0.1,0.608
"SSR_177_d3","SSR_177","D3",3,0,"Alive","CTS3",0.042,0.02,0.938
"SSR_179_d3","SSR_179","D3",3,0,"Alive","CTS1",0.678,0.192,0.13
"SSR_18_d3","SSR_18","D3",3,0,"Alive","CTS1",1,0,0
"SSR_181_d3","SSR_181","D3",3,0,"Alive","CTS2",0.008,0.98,0.012
"SSR_182_d3","SSR_182","D3",3,0,"Alive","CTS1",1,0,0
"SSR_183_d3","SSR_183","D3",3,1,"Death","CTS1",0.94,0.028,0.032
"SSR_19_d3","SSR_19","D3",3,0,"Alive","CTS1",0.472,0.08,0.448
"SSR_2_d3","SSR_2","D3",3,0,"Alive","CTS1",0.998,0,0.002
"SSR_20_d3","SSR_20","D3",3,0,"Alive","CTS1",0.832,0.062,0.106
"SSR_21_d3","SSR_21","D3",3,0,"Alive","CTS3",0.374,0.05,0.576
"SSR_22_d3","SSR_22","D3",3,0,"Alive","CTS3",0.182,0.058,0.76
"SSR_23_d3","SSR_23","D3",3,0,"Alive","CTS1",0.596,0.098,0.306
"SSR_24_d3","SSR_24","D3",3,0,"Alive","CTS3",0.304,0.06,0.636
"SSR_25_d3","SSR_25","D3",3,0,"Alive","CTS3",0.006,0.002,0.992
"SSR_26_d3","SSR_26","D3",3,0,"Alive","CTS3",0.268,0.058,0.674
"SSR_27_d3","SSR_27","D3",3,0,"Alive","CTS3",0.244,0.072,0.684
"SSR_28_d3","SSR_28","D3",3,0,"Alive","CTS3",0.222,0.1,0.678
"SSR_29_d3","SSR_29","D3",3,0,"Alive","CTS1",0.638,0.27,0.092
"SSR_3_d3","SSR_3","D3",3,0,"Alive","CTS1",1,0,0
"SSR_30_d3","SSR_30","D3",3,0,"Alive","CTS1",0.854,0.058,0.088
"SSR_31_d3","SSR_31","D3",3,0,"Alive","CTS2",0.198,0.598,0.204
"SSR_32_d3","SSR_32","D3",3,0,"Alive","CTS1",0.714,0.098,0.188
"SSR_33_d3","SSR_33","D3",3,0,"Alive","CTS1",0.904,0.054,0.042
"SSR_34_d3","SSR_34","D3",3,0,"Alive","CTS3",0.35,0.088,0.562
"SSR_35_d3","SSR_35","D3",3,1,"Death","CTS2",0.116,0.644,0.24
"SSR_36_d3","SSR_36","D3",3,1,"Death","CTS1",0.606,0.394,0
"SSR_37_d3","SSR_37","D3",3,0,"Alive","CTS3",0.406,0.14,0.454
"SSR_38_d3","SSR_38","D3",3,0,"Alive","CTS1",0.422,0.266,0.312
"SSR_39_d3","SSR_39","D3",3,0,"Alive","CTS3",0.296,0.092,0.612
"SSR_4_d3","SSR_4","D3",3,0,"Alive","CTS1",0.846,0.054,0.1
"SSR_40_d3","SSR_40","D3",3,0,"Alive","CTS1",0.496,0.342,0.162
"SSR_41_d3","SSR_41","D3",3,0,"Alive","CTS1",0.952,0.046,0.002
"SSR_42_d3","SSR_42","D3",3,0,"Alive","CTS3",0.01,0.004,0.986
"SSR_43_d3","SSR_43","D3",3,0,"Alive","CTS3",0.01,0.002,0.988
"SSR_44_d3","SSR_44","D3",3,1,"Death","CTS3",0.002,0,0.998
"SSR_46_d3","SSR_46","D3",3,0,"Alive","CTS3",0.112,0.032,0.856
"SSR_47_d3","SSR_47","D3",3,0,"Alive","CTS3",0.168,0.02,0.812
"SSR_48_d3","SSR_48","D3",3,0,"Alive","CTS3",0.002,0,0.998
"SSR_5_d3","SSR_5","D3",3,0,"Alive","CTS1",1,0,0
"SSR_50_d3","SSR_50","D3",3,0,"Alive","CTS3",0.182,0.024,0.794
"SSR_51_d3","SSR_51","D3",3,0,"Alive","CTS3",0.002,0,0.998
"SSR_52_d3","SSR_52","D3",3,0,"Alive","CTS2",0.006,0.862,0.132
"SSR_53_d3","SSR_53","D3",3,0,"Alive","CTS1",0.624,0.054,0.322
"SSR_54_d3","SSR_54","D3",3,0,"Alive","CTS3",0.03,0.02,0.95
"SSR_55_d3","SSR_55","D3",3,0,"Alive","CTS3",0.002,0,0.998
"SSR_56_d3","SSR_56","D3",3,0,"Alive","CTS3",0,0,1
"SSR_57_d3","SSR_57","D3",3,0,"Alive","CTS1",0.658,0.16,0.182
"SSR_58_d3","SSR_58","D3",3,0,"Alive","CTS3",0.01,0.008,0.982
"SSR_59_d3","SSR_59","D3",3,1,"Death","CTS1",0.786,0.058,0.156
"SSR_6_d3","SSR_6","D3",3,0,"Alive","CTS3",0.242,0.136,0.622
"SSR_60_d3","SSR_60","D3",3,0,"Alive","CTS3",0.01,0.406,0.584
"SSR_61_d3","SSR_61","D3",3,0,"Alive","CTS3",0.004,0.002,0.994
"SSR_62_d3","SSR_62","D3",3,0,"Alive","CTS3",0.006,0.002,0.992
"SSR_63_d3","SSR_63","D3",3,0,"Alive","CTS3",0,0,1
"SSR_64_d3","SSR_64","D3",3,0,"Alive","CTS1",0.572,0.04,0.388
"SSR_65_d3","SSR_65","D3",3,0,"Alive","CTS3",0.16,0.03,0.81
"SSR_66_d3","SSR_66","D3",3,0,"Alive","CTS3",0.276,0.032,0.692
"SSR_67_d3","SSR_67","D3",3,0,"Alive","CTS3",0.064,0.01,0.926
"SSR_68_d3","SSR_68","D3",3,0,"Alive","CTS3",0,0.004,0.996
"SSR_69_d3","SSR_69","D3",3,1,"Death","CTS3",0.026,0.018,0.956
"SSR_7_d3","SSR_7","D3",3,0,"Alive","CTS1",0.846,0.034,0.12
"SSR_70_d3","SSR_70","D3",3,0,"Alive","CTS3",0.242,0.04,0.718
"SSR_71_d3","SSR_71","D3",3,0,"Alive","CTS3",0,0,1
"SSR_73_d3","SSR_73","D3",3,0,"Alive","CTS1",0.514,0.042,0.444
"SSR_74_d3","SSR_74","D3",3,0,"Alive","CTS3",0,0.002,0.998
"SSR_75_d3","SSR_75","D3",3,0,"Alive","CTS1",0.484,0.076,0.44
"SSR_76_d3","SSR_76","D3",3,1,"Death","CTS3",0.002,0.012,0.986
"SSR_77_d3","SSR_77","D3",3,0,"Alive","CTS3",0.002,0.002,0.996
"SSR_78_d3","SSR_78","D3",3,0,"Alive","CTS3",0.112,0.006,0.882
"SSR_79_d3","SSR_79","D3",3,0,"Alive","CTS1",0.47,0.064,0.466
"SSR_8_d3","SSR_8","D3",3,0,"Alive","CTS2",0.27,0.41,0.32
"SSR_80_d3","SSR_80","D3",3,1,"Death","CTS3",0.008,0.006,0.986
"SSR_81_d3","SSR_81","D3",3,0,"Alive","CTS3",0.08,0.01,0.91
"SSR_83_d3","SSR_83","D3",3,0,"Alive","CTS1",0.494,0.036,0.47
"SSR_9_d3","SSR_9","D3",3,0,"Alive","CTS1",0.624,0.064,0.312
"SSR_90_d3","SSR_90","D3",3,0,"Alive","CTS3",0.14,0.104,0.756
"SSR_94_d3","SSR_94","D3",3,0,"Alive","CTS3",0.096,0.078,0.826
"SSR_95_d3","SSR_95","D3",3,0,"Alive","CTS1",0.92,0.01,0.07
"SSR_98_d3","SSR_98","D3",3,0,"Alive","CTS3",0.004,0,0.996
"SSR_99_d3","SSR_99","D3",3,0,"Alive","CTS3",0.076,0.452,0.472
"JinHua_1_d5","JinHua_1","D5",5,0,"Alive","CTS3",0.218,0.03,0.752
"JinHua_10_d5","JinHua_10","D5",5,1,"Death","CTS2",0.072,0.566,0.362
"JinHua_100_d5","JinHua_100","D5",5,0,"Alive","CTS3",0,0,1
"JinHua_101_d5","JinHua_101","D5",5,0,"Alive","CTS2",0.092,0.632,0.276
"JinHua_102_d5","JinHua_102","D5",5,0,"Alive","CTS3",0.042,0.004,0.954
"JinHua_103_d5","JinHua_103","D5",5,0,"Alive","CTS3",0.216,0.03,0.754
"JinHua_104_d5","JinHua_104","D5",5,0,"Alive","CTS2",0.012,0.812,0.176
"JinHua_105_d5","JinHua_105","D5",5,0,"Alive","CTS1",0.576,0.15,0.274
"JinHua_106_d5","JinHua_106","D5",5,0,"Alive","CTS3",0.328,0.21,0.462
"JinHua_107_d5","JinHua_107","D5",5,0,"Alive","CTS2",0.064,0.91,0.026
"JinHua_108_d5","JinHua_108","D5",5,0,"Alive","CTS2",0.002,0.93,0.068
"JinHua_11_d5","JinHua_11","D5",5,0,"Alive","CTS1",0.57,0.088,0.342
"JinHua_110_d5","JinHua_110","D5",5,0,"Alive","CTS2",0.004,0.942,0.054
"JinHua_111_d5","JinHua_111","D5",5,0,"Alive","CTS2",0.178,0.644,0.178
"JinHua_112_d5","JinHua_112","D5",5,0,"Alive","CTS3",0.152,0.11,0.738
"JinHua_113_d5","JinHua_113","D5",5,0,"Alive","CTS3",0,0.002,0.998
"JinHua_114_d5","JinHua_114","D5",5,0,"Alive","CTS2",0.018,0.766,0.216
"JinHua_116_d5","JinHua_116","D5",5,0,"Alive","CTS2",0,0.992,0.008
"JinHua_117_d5","JinHua_117","D5",5,0,"Alive","CTS3",0,0.002,0.998
"JinHua_119_d5","JinHua_119","D5",5,0,"Alive","CTS3",0,0,1
"JinHua_12_d5","JinHua_12","D5",5,0,"Alive","CTS2",0.014,0.93,0.056
"JinHua_120_d5","JinHua_120","D5",5,0,"Alive","CTS1",0.508,0.164,0.328
"JinHua_121_d5","JinHua_121","D5",5,1,"Death","CTS3",0.016,0.328,0.656
"JinHua_122_d5","JinHua_122","D5",5,0,"Alive","CTS3",0.002,0.002,0.996
"JinHua_123_d5","JinHua_123","D5",5,1,"Death","CTS2",0.136,0.554,0.31
"JinHua_124_d5","JinHua_124","D5",5,0,"Alive","CTS2",0.014,0.878,0.108
"JinHua_126_d5","JinHua_126","D5",5,0,"Alive","CTS3",0.086,0.038,0.876
"JinHua_128_d5","JinHua_128","D5",5,0,"Alive","CTS3",0,0.002,0.998
"JinHua_129_d5","JinHua_129","D5",5,0,"Alive","CTS3",0,0,1
"JinHua_13_d5","JinHua_13","D5",5,0,"Alive","CTS1",0.782,0.052,0.166
"JinHua_131_d5","JinHua_131","D5",5,0,"Alive","CTS3",0.04,0.382,0.578
"JinHua_132_d5","JinHua_132","D5",5,0,"Alive","CTS2",0.002,0.908,0.09
"JinHua_134_d5","JinHua_134","D5",5,0,"Alive","CTS2",0.004,0.992,0.004
"JinHua_135_d5","JinHua_135","D5",5,0,"Alive","CTS2",0.022,0.594,0.384
"JinHua_136_d5","JinHua_136","D5",5,0,"Alive","CTS1",0.756,0.198,0.046
"JinHua_137_d5","JinHua_137","D5",5,0,"Alive","CTS1",0.782,0.126,0.092
"JinHua_138_d5","JinHua_138","D5",5,1,"Death","CTS3",0.128,0.086,0.786
"JinHua_139_d5","JinHua_139","D5",5,0,"Alive","CTS3",0,0,1
"JinHua_14_d5","JinHua_14","D5",5,0,"Alive","CTS3",0.186,0.08,0.734
"JinHua_140_d5","JinHua_140","D5",5,0,"Alive","CTS2",0,0.984,0.016
"JinHua_141_d5","JinHua_141","D5",5,0,"Alive","CTS2",0.006,0.65,0.344
"JinHua_143_d5","JinHua_143","D5",5,0,"Alive","CTS2",0.016,0.798,0.186
"JinHua_144_d5","JinHua_144","D5",5,1,"Death","CTS3",0.138,0.048,0.814
"JinHua_145_d5","JinHua_145","D5",5,0,"Alive","CTS2",0,0.796,0.204
"JinHua_146_d5","JinHua_146","D5",5,0,"Alive","CTS3",0.018,0.26,0.722
"JinHua_147_d5","JinHua_147","D5",5,0,"Alive","CTS2",0.01,0.746,0.244
"JinHua_148_d5","JinHua_148","D5",5,0,"Alive","CTS3",0.01,0.428,0.562
"JinHua_149_d5","JinHua_149","D5",5,0,"Alive","CTS2",0.254,0.694,0.052
"JinHua_15_d5","JinHua_15","D5",5,0,"Alive","CTS3",0.468,0.054,0.478
"JinHua_150_d5","JinHua_150","D5",5,0,"Alive","CTS2",0,0.982,0.018
"JinHua_151_d5","JinHua_151","D5",5,0,"Alive","CTS3",0,0.002,0.998
"JinHua_152_d5","JinHua_152","D5",5,0,"Alive","CTS3",0,0,1
"JinHua_153_d5","JinHua_153","D5",5,0,"Alive","CTS1",0.934,0.014,0.052
"JinHua_155_d5","JinHua_155","D5",5,0,"Alive","CTS2",0.02,0.722,0.258
"JinHua_156_d5","JinHua_156","D5",5,1,"Death","CTS3",0.012,0,0.988
"JinHua_157_d5","JinHua_157","D5",5,0,"Alive","CTS2",0,0.734,0.266
"JinHua_158_d5","JinHua_158","D5",5,0,"Alive","CTS3",0,0.024,0.976
"JinHua_159_d5","JinHua_159","D5",5,0,"Alive","CTS2",0.01,0.758,0.232
"JinHua_16_d5","JinHua_16","D5",5,0,"Alive","CTS2",0.344,0.642,0.014
"JinHua_160_d5","JinHua_160","D5",5,0,"Alive","CTS2",0.156,0.682,0.162
"JinHua_161_d5","JinHua_161","D5",5,0,"Alive","CTS2",0.002,0.868,0.13
"JinHua_162_d5","JinHua_162","D5",5,0,"Alive","CTS1",0.676,0.256,0.068
"JinHua_163_d5","JinHua_163","D5",5,0,"Alive","CTS3",0,0,1
"JinHua_165_d5","JinHua_165","D5",5,0,"Alive","CTS3",0,0,1
"JinHua_166_d5","JinHua_166","D5",5,0,"Alive","CTS3",0.018,0.114,0.868
"JinHua_169_d5","JinHua_169","D5",5,0,"Alive","CTS2",0.004,0.654,0.342
"JinHua_17_d5","JinHua_17","D5",5,0,"Alive","CTS3",0.29,0.132,0.578
"JinHua_170_d5","JinHua_170","D5",5,1,"Death","CTS3",0.022,0.252,0.726
"JinHua_171_d5","JinHua_171","D5",5,0,"Alive","CTS2",0.004,0.82,0.176
"JinHua_172_d5","JinHua_172","D5",5,0,"Alive","CTS3",0.004,0.002,0.994
"JinHua_173_d5","JinHua_173","D5",5,1,"Death","CTS1",0.964,0.006,0.03
"JinHua_174_d5","JinHua_174","D5",5,0,"Alive","CTS2",0.204,0.788,0.008
"JinHua_175_d5","JinHua_175","D5",5,0,"Alive","CTS2",0.088,0.562,0.35
"JinHua_176_d5","JinHua_176","D5",5,0,"Alive","CTS3",0.43,0.028,0.542
"JinHua_179_d5","JinHua_179","D5",5,1,"Death","CTS1",0.576,0.03,0.394
"JinHua_18_d5","JinHua_18","D5",5,0,"Alive","CTS1",0.472,0.106,0.422
"JinHua_180_d5","JinHua_180","D5",5,0,"Alive","CTS3",0,0,1
"JinHua_181_d5","JinHua_181","D5",5,0,"Alive","CTS3",0.334,0.04,0.626
"JinHua_182_d5","JinHua_182","D5",5,0,"Alive","CTS2",0.04,0.908,0.052
"JinHua_183_d5","JinHua_183","D5",5,0,"Alive","CTS2",0.028,0.67,0.302
"JinHua_184_d5","JinHua_184","D5",5,0,"Alive","CTS1",0.586,0.05,0.364
"JinHua_185_d5","JinHua_185","D5",5,0,"Alive","CTS3",0,0.004,0.996
"JinHua_188_d5","JinHua_188","D5",5,0,"Alive","CTS2",0.17,0.694,0.136
"JinHua_189_d5","JinHua_189","D5",5,0,"Alive","CTS3",0.086,0.01,0.904
"JinHua_19_d5","JinHua_19","D5",5,0,"Alive","CTS3",0.24,0.07,0.69
"JinHua_190_d5","JinHua_190","D5",5,0,"Alive","CTS3",0,0,1
"JinHua_191_d5","JinHua_191","D5",5,0,"Alive","CTS3",0.006,0,0.994
"JinHua_192_d5","JinHua_192","D5",5,0,"Alive","CTS3",0.014,0.458,0.528
"JinHua_193_d5","JinHua_193","D5",5,0,"Alive","CTS3",0,0.002,0.998
"JinHua_194_d5","JinHua_194","D5",5,0,"Alive","CTS1",0.742,0.076,0.182
"JinHua_195_d5","JinHua_195","D5",5,0,"Alive","CTS3",0,0.002,0.998
"JinHua_197_d5","JinHua_197","D5",5,0,"Alive","CTS1",0.522,0.362,0.116
"JinHua_198_d5","JinHua_198","D5",5,0,"Alive","CTS3",0,0,1
"JinHua_199_d5","JinHua_199","D5",5,1,"Death","CTS1",0.766,0.076,0.158
"JinHua_2_d5","JinHua_2","D5",5,0,"Alive","CTS2",0.018,0.912,0.07
"JinHua_200_d5","JinHua_200","D5",5,0,"Alive","CTS1",0.596,0.342,0.062
"JinHua_201_d5","JinHua_201","D5",5,0,"Alive","CTS2",0.018,0.942,0.04
"JinHua_203_d5","JinHua_203","D5",5,0,"Alive","CTS3",0.002,0.012,0.986
"JinHua_204_d5","JinHua_204","D5",5,0,"Alive","CTS2",0.008,0.684,0.308
"JinHua_205_d5","JinHua_205","D5",5,0,"Alive","CTS3",0.022,0.008,0.97
"JinHua_206_d5","JinHua_206","D5",5,0,"Alive","CTS3",0.324,0.06,0.616
"JinHua_207_d5","JinHua_207","D5",5,0,"Alive","CTS3",0.148,0.054,0.798
"JinHua_208_d5","JinHua_208","D5",5,0,"Alive","CTS2",0.068,0.48,0.452
"JinHua_210_d5","JinHua_210","D5",5,0,"Alive","CTS3",0,0.488,0.512
"JinHua_211_d5","JinHua_211","D5",5,0,"Alive","CTS3",0.012,0.376,0.612
"JinHua_213_d5","JinHua_213","D5",5,0,"Alive","CTS3",0,0,1
"JinHua_214_d5","JinHua_214","D5",5,0,"Alive","CTS1",1,0,0
"JinHua_215_d5","JinHua_215","D5",5,0,"Alive","CTS3",0.028,0.026,0.946
"JinHua_217_d5","JinHua_217","D5",5,0,"Alive","CTS3",0,0.168,0.832
"JinHua_218_d5","JinHua_218","D5",5,0,"Alive","CTS2",0,0.534,0.466
"JinHua_219_d5","JinHua_219","D5",5,0,"Alive","CTS2",0.002,0.798,0.2
"JinHua_22_d5","JinHua_22","D5",5,0,"Alive","CTS3",0.412,0.162,0.426
"JinHua_220_d5","JinHua_220","D5",5,0,"Alive","CTS1",0.588,0.098,0.314
"JinHua_221_d5","JinHua_221","D5",5,0,"Alive","CTS2",0,0.948,0.052
"JinHua_222_d5","JinHua_222","D5",5,0,"Alive","CTS3",0,0.002,0.998
"JinHua_223_d5","JinHua_223","D5",5,0,"Alive","CTS2",0.002,0.896,0.102
"JinHua_224_d5","JinHua_224","D5",5,0,"Alive","CTS3",0.016,0.236,0.748
"JinHua_225_d5","JinHua_225","D5",5,1,"Death","CTS2",0.122,0.836,0.042
"JinHua_23_d5","JinHua_23","D5",5,0,"Alive","CTS3",0.226,0.084,0.69
"JinHua_24_d5","JinHua_24","D5",5,0,"Alive","CTS2",0.27,0.416,0.314
"JinHua_25_d5","JinHua_25","D5",5,1,"Death","CTS3",0.318,0.08,0.602
"JinHua_26_d5","JinHua_26","D5",5,0,"Alive","CTS2",0.128,0.592,0.28
"JinHua_27_d5","JinHua_27","D5",5,1,"Death","CTS3",0.104,0.056,0.84
"JinHua_3_d5","JinHua_3","D5",5,0,"Alive","CTS1",0.566,0.356,0.078
"JinHua_30_d5","JinHua_30","D5",5,0,"Alive","CTS3",0,0.002,0.998
"JinHua_31_d5","JinHua_31","D5",5,0,"Alive","CTS1",0.698,0.074,0.228
"JinHua_32_d5","JinHua_32","D5",5,1,"Death","CTS2",0.14,0.742,0.118
"JinHua_33_d5","JinHua_33","D5",5,0,"Alive","CTS2",0.096,0.594,0.31
"JinHua_34_d5","JinHua_34","D5",5,0,"Alive","CTS3",0.212,0.074,0.714
"JinHua_35_d5","JinHua_35","D5",5,0,"Alive","CTS2",0.092,0.588,0.32
"JinHua_37_d5","JinHua_37","D5",5,0,"Alive","CTS1",0.746,0.072,0.182
"JinHua_38_d5","JinHua_38","D5",5,0,"Alive","CTS3",0.198,0.082,0.72
"JinHua_39_d5","JinHua_39","D5",5,0,"Alive","CTS1",1,0,0
"JinHua_4_d5","JinHua_4","D5",5,0,"Alive","CTS3",0.098,0.03,0.872
"JinHua_42_d5","JinHua_42","D5",5,0,"Alive","CTS2",0.084,0.476,0.44
"JinHua_43_d5","JinHua_43","D5",5,0,"Alive","CTS3",0,0,1
"JinHua_44_d5","JinHua_44","D5",5,0,"Alive","CTS3",0.078,0.06,0.862
"JinHua_45_d5","JinHua_45","D5",5,0,"Alive","CTS3",0,0,1
"JinHua_46_d5","JinHua_46","D5",5,0,"Alive","CTS3",0,0,1
"JinHua_48_d5","JinHua_48","D5",5,0,"Alive","CTS3",0.008,0.004,0.988
"JinHua_49_d5","JinHua_49","D5",5,0,"Alive","CTS3",0.002,0,0.998
"JinHua_5_d5","JinHua_5","D5",5,0,"Alive","CTS3",0.324,0.074,0.602
"JinHua_50_d5","JinHua_50","D5",5,0,"Alive","CTS3",0.452,0.092,0.456
"JinHua_51_d5","JinHua_51","D5",5,0,"Alive","CTS3",0.002,0.002,0.996
"JinHua_53_d5","JinHua_53","D5",5,0,"Alive","CTS2",0.01,0.74,0.25
"JinHua_54_d5","JinHua_54","D5",5,0,"Alive","CTS1",0.774,0.07,0.156
"JinHua_56_d5","JinHua_56","D5",5,0,"Alive","CTS2",0.25,0.64,0.11
"JinHua_57_d5","JinHua_57","D5",5,0,"Alive","CTS3",0.446,0.08,0.474
"JinHua_59_d5","JinHua_59","D5",5,0,"Alive","CTS2",0,0.994,0.006
"JinHua_6_d5","JinHua_6","D5",5,0,"Alive","CTS1",0.486,0.132,0.382
"JinHua_60_d5","JinHua_60","D5",5,1,"Death","CTS1",0.716,0.068,0.216
"JinHua_61_d5","JinHua_61","D5",5,0,"Alive","CTS3",0,0,1
"JinHua_62_d5","JinHua_62","D5",5,0,"Alive","CTS2",0,0.994,0.006
"JinHua_63_d5","JinHua_63","D5",5,0,"Alive","CTS1",0.62,0.104,0.276
"JinHua_64_d5","JinHua_64","D5",5,0,"Alive","CTS3",0.364,0.202,0.434
"JinHua_65_d5","JinHua_65","D5",5,0,"Alive","CTS2",0,0.804,0.196
"JinHua_66_d5","JinHua_66","D5",5,0,"Alive","CTS1",0.816,0.08,0.104
"JinHua_67_d5","JinHua_67","D5",5,0,"Alive","CTS3",0.232,0.102,0.666
"JinHua_68_d5","JinHua_68","D5",5,0,"Alive","CTS3",0,0.008,0.992
"JinHua_69_d5","JinHua_69","D5",5,0,"Alive","CTS3",0.05,0.07,0.88
"JinHua_7_d5","JinHua_7","D5",5,0,"Alive","CTS3",0.032,0.022,0.946
"JinHua_70_d5","JinHua_70","D5",5,0,"Alive","CTS3",0.046,0.472,0.482
"JinHua_72_d5","JinHua_72","D5",5,0,"Alive","CTS3",0,0,1
"JinHua_73_d5","JinHua_73","D5",5,0,"Alive","CTS3",0.296,0.224,0.48
"JinHua_74_d5","JinHua_74","D5",5,0,"Alive","CTS3",0.34,0.164,0.496
"JinHua_75_d5","JinHua_75","D5",5,0,"Alive","CTS2",0.004,0.942,0.054
"JinHua_76_d5","JinHua_76","D5",5,0,"Alive","CTS2",0.048,0.902,0.05
"JinHua_77_d5","JinHua_77","D5",5,0,"Alive","CTS3",0.012,0.008,0.98
"JinHua_78_d5","JinHua_78","D5",5,0,"Alive","CTS2",0.002,0.998,0
"JinHua_79_d5","JinHua_79","D5",5,0,"Alive","CTS2",0,0.842,0.158
"JinHua_8_d5","JinHua_8","D5",5,0,"Alive","CTS3",0.014,0.008,0.978
"JinHua_82_d5","JinHua_82","D5",5,0,"Alive","CTS2",0,0.992,0.008
"JinHua_83_d5","JinHua_83","D5",5,1,"Death","CTS3",0.288,0.054,0.658
"JinHua_84_d5","JinHua_84","D5",5,1,"Death","CTS2",0.016,0.928,0.056
"JinHua_86_d5","JinHua_86","D5",5,0,"Alive","CTS3",0,0,1
"JinHua_87_d5","JinHua_87","D5",5,0,"Alive","CTS1",0.52,0.086,0.394
"JinHua_88_d5","JinHua_88","D5",5,0,"Alive","CTS3",0,0,1
"JinHua_89_d5","JinHua_89","D5",5,0,"Alive","CTS3",0,0,1
"JinHua_9_d5","JinHua_9","D5",5,0,"Alive","CTS1",0.458,0.148,0.394
"JinHua_90_d5","JinHua_90","D5",5,0,"Alive","CTS2",0,0.802,0.198
"JinHua_91_d5","JinHua_91","D5",5,1,"Death","CTS2",0.042,0.554,0.404
"JinHua_92_d5","JinHua_92","D5",5,0,"Alive","CTS3",0.006,0.474,0.52
"JinHua_95_d5","JinHua_95","D5",5,0,"Alive","CTS3",0.024,0.284,0.692
"JinHua_96_d5","JinHua_96","D5",5,0,"Alive","CTS2",0.31,0.668,0.022
"JinHua_97_d5","JinHua_97","D5",5,0,"Alive","CTS2",0.006,0.534,0.46
"JinHua_99_d5","JinHua_99","D5",5,0,"Alive","CTS3",0.312,0.08,0.608
"SSR_1_d5","SSR_1","D5",5,0,"Alive","CTS3",0.174,0.266,0.56
"SSR_10_d5","SSR_10","D5",5,0,"Alive","CTS1",0.988,0.008,0.004
"SSR_101_d5","SSR_101","D5",5,0,"Alive","CTS3",0,0,1
"SSR_102_d5","SSR_102","D5",5,0,"Alive","CTS3",0.05,0.004,0.946
"SSR_103_d5","SSR_103","D5",5,0,"Alive","CTS1",0.858,0.012,0.13
"SSR_105_d5","SSR_105","D5",5,0,"Alive","CTS3",0.008,0.27,0.722
"SSR_106_d5","SSR_106","D5",5,0,"Alive","CTS2",0.168,0.524,0.308
"SSR_108_d5","SSR_108","D5",5,0,"Alive","CTS2",0.022,0.7,0.278
"SSR_117_d5","SSR_117","D5",5,0,"Alive","CTS3",0,0.002,0.998
"SSR_12_d5","SSR_12","D5",5,0,"Alive","CTS3",0.078,0.022,0.9
"SSR_120_d5","SSR_120","D5",5,0,"Alive","CTS3",0.002,0.034,0.964
"SSR_124_d5","SSR_124","D5",5,0,"Alive","CTS3",0.098,0.054,0.848
"SSR_125_d5","SSR_125","D5",5,0,"Alive","CTS2",0,1,0
"SSR_13_d5","SSR_13","D5",5,0,"Alive","CTS3",0.072,0.024,0.904
"SSR_130_d5","SSR_130","D5",5,0,"Alive","CTS1",0.586,0.41,0.004
"SSR_131_d5","SSR_131","D5",5,0,"Alive","CTS2",0.074,0.63,0.296
"SSR_134_d5","SSR_134","D5",5,0,"Alive","CTS2",0.138,0.696,0.166
"SSR_139_d5","SSR_139","D5",5,0,"Alive","CTS3",0.016,0.02,0.964
"SSR_14_d5","SSR_14","D5",5,1,"Death","CTS1",0.992,0.004,0.004
"SSR_143_d5","SSR_143","D5",5,1,"Death","CTS1",0.962,0.002,0.036
"SSR_145_d5","SSR_145","D5",5,0,"Alive","CTS2",0,0.822,0.178
"SSR_15_d5","SSR_15","D5",5,0,"Alive","CTS3",0.012,0.01,0.978
"SSR_150_d5","SSR_150","D5",5,0,"Alive","CTS3",0.318,0.138,0.544
"SSR_151_d5","SSR_151","D5",5,0,"Alive","CTS2",0.014,0.83,0.156
"SSR_152_d5","SSR_152","D5",5,0,"Alive","CTS2",0.14,0.818,0.042
"SSR_154_d5","SSR_154","D5",5,1,"Death","CTS3",0.016,0.362,0.622
"SSR_157_d5","SSR_157","D5",5,0,"Alive","CTS2",0.19,0.768,0.042
"SSR_158_d5","SSR_158","D5",5,1,"Death","CTS2",0.058,0.922,0.02
"SSR_159_d5","SSR_159","D5",5,0,"Alive","CTS2",0.012,0.6,0.388
"SSR_161_d5","SSR_161","D5",5,0,"Alive","CTS3",0.322,0.07,0.608
"SSR_162_d5","SSR_162","D5",5,0,"Alive","CTS2",0.298,0.644,0.058
"SSR_164_d5","SSR_164","D5",5,0,"Alive","CTS2",0,0.916,0.084
"SSR_167_d5","SSR_167","D5",5,0,"Alive","CTS2",0,0.976,0.024
"SSR_169_d5","SSR_169","D5",5,0,"Alive","CTS3",0.098,0.034,0.868
"SSR_17_d5","SSR_17","D5",5,0,"Alive","CTS1",1,0,0
"SSR_170_d5","SSR_170","D5",5,0,"Alive","CTS1",0.848,0.07,0.082
"SSR_171_d5","SSR_171","D5",5,0,"Alive","CTS3",0,0,1
"SSR_172_d5","SSR_172","D5",5,0,"Alive","CTS3",0,0,1
"SSR_173_d5","SSR_173","D5",5,1,"Death","CTS1",0.57,0.406,0.024
"SSR_174_d5","SSR_174","D5",5,0,"Alive","CTS3",0.05,0.006,0.944
"SSR_177_d5","SSR_177","D5",5,0,"Alive","CTS3",0,0,1
"SSR_179_d5","SSR_179","D5",5,0,"Alive","CTS2",0.012,0.566,0.422
"SSR_18_d5","SSR_18","D5",5,0,"Alive","CTS1",0.994,0.002,0.004
"SSR_181_d5","SSR_181","D5",5,0,"Alive","CTS2",0.028,0.73,0.242
"SSR_182_d5","SSR_182","D5",5,0,"Alive","CTS1",0.754,0.032,0.214
"SSR_19_d5","SSR_19","D5",5,0,"Alive","CTS3",0.416,0.074,0.51
"SSR_2_d5","SSR_2","D5",5,0,"Alive","CTS1",0.814,0.184,0.002
"SSR_20_d5","SSR_20","D5",5,0,"Alive","CTS1",0.682,0.05,0.268
"SSR_21_d5","SSR_21","D5",5,0,"Alive","CTS3",0.296,0.064,0.64
"SSR_22_d5","SSR_22","D5",5,0,"Alive","CTS3",0.048,0.034,0.918
"SSR_23_d5","SSR_23","D5",5,0,"Alive","CTS3",0.042,0.084,0.874
"SSR_24_d5","SSR_24","D5",5,0,"Alive","CTS1",0.596,0.096,0.308
"SSR_25_d5","SSR_25","D5",5,0,"Alive","CTS3",0.008,0.002,0.99
"SSR_26_d5","SSR_26","D5",5,0,"Alive","CTS3",0.032,0.006,0.962
"SSR_27_d5","SSR_27","D5",5,0,"Alive","CTS3",0.022,0.012,0.966
"SSR_28_d5","SSR_28","D5",5,0,"Alive","CTS3",0.176,0.354,0.47
"SSR_29_d5","SSR_29","D5",5,0,"Alive","CTS2",0.344,0.402,0.254
"SSR_3_d5","SSR_3","D5",5,0,"Alive","CTS3",0.252,0.128,0.62
"SSR_30_d5","SSR_30","D5",5,0,"Alive","CTS2",0.162,0.526,0.312
"SSR_31_d5","SSR_31","D5",5,0,"Alive","CTS1",0.59,0.408,0.002
"SSR_32_d5","SSR_32","D5",5,0,"Alive","CTS3",0.216,0.078,0.706
"SSR_33_d5","SSR_33","D5",5,0,"Alive","CTS3",0.344,0.128,0.528
"SSR_34_d5","SSR_34","D5",5,0,"Alive","CTS3",0.26,0.074,0.666
"SSR_35_d5","SSR_35","D5",5,1,"Death","CTS2",0,0.92,0.08
"SSR_36_d5","SSR_36","D5",5,1,"Death","CTS2",0.258,0.624,0.118
"SSR_37_d5","SSR_37","D5",5,0,"Alive","CTS3",0.296,0.08,0.624
"SSR_38_d5","SSR_38","D5",5,0,"Alive","CTS3",0.262,0.134,0.604
"SSR_39_d5","SSR_39","D5",5,0,"Alive","CTS3",0.216,0.096,0.688
"SSR_4_d5","SSR_4","D5",5,0,"Alive","CTS1",0.618,0.102,0.28
"SSR_40_d5","SSR_40","D5",5,0,"Alive","CTS3",0.326,0.212,0.462
"SSR_42_d5","SSR_42","D5",5,0,"Alive","CTS3",0,0.038,0.962
"SSR_43_d5","SSR_43","D5",5,0,"Alive","CTS3",0,0,1
"SSR_44_d5","SSR_44","D5",5,1,"Death","CTS3",0.032,0.018,0.95
"SSR_46_d5","SSR_46","D5",5,0,"Alive","CTS3",0,0,1
"SSR_47_d5","SSR_47","D5",5,0,"Alive","CTS3",0.068,0.02,0.912
"SSR_48_d5","SSR_48","D5",5,0,"Alive","CTS3",0.006,0.022,0.972
"SSR_5_d5","SSR_5","D5",5,0,"Alive","CTS1",0.736,0.06,0.204
"SSR_50_d5","SSR_50","D5",5,0,"Alive","CTS3",0.002,0,0.998
"SSR_51_d5","SSR_51","D5",5,0,"Alive","CTS3",0.002,0,0.998
"SSR_52_d5","SSR_52","D5",5,0,"Alive","CTS3",0,0.022,0.978
"SSR_54_d5","SSR_54","D5",5,0,"Alive","CTS3",0.138,0.042,0.82
"SSR_56_d5","SSR_56","D5",5,0,"Alive","CTS3",0.044,0.02,0.936
"SSR_57_d5","SSR_57","D5",5,0,"Alive","CTS2",0.368,0.604,0.028
"SSR_59_d5","SSR_59","D5",5,1,"Death","CTS1",0.728,0.08,0.192
"SSR_6_d5","SSR_6","D5",5,0,"Alive","CTS3",0.156,0.182,0.662
"SSR_60_d5","SSR_60","D5",5,0,"Alive","CTS2",0.024,0.774,0.202
"SSR_61_d5","SSR_61","D5",5,0,"Alive","CTS3",0,0,1
"SSR_62_d5","SSR_62","D5",5,0,"Alive","CTS3",0,0,1
"SSR_64_d5","SSR_64","D5",5,0,"Alive","CTS3",0,0.072,0.928
"SSR_67_d5","SSR_67","D5",5,0,"Alive","CTS3",0.008,0.016,0.976
"SSR_69_d5","SSR_69","D5",5,1,"Death","CTS3",0.01,0.01,0.98
"SSR_70_d5","SSR_70","D5",5,0,"Alive","CTS3",0.002,0.002,0.996
"SSR_73_d5","SSR_73","D5",5,0,"Alive","CTS3",0.068,0.026,0.906
"SSR_75_d5","SSR_75","D5",5,0,"Alive","CTS3",0.232,0.042,0.726
"SSR_76_d5","SSR_76","D5",5,1,"Death","CTS3",0.014,0.082,0.904
"SSR_77_d5","SSR_77","D5",5,0,"Alive","CTS3",0.002,0.004,0.994
"SSR_78_d5","SSR_78","D5",5,0,"Alive","CTS3",0.002,0,0.998
"SSR_79_d5","SSR_79","D5",5,0,"Alive","CTS1",0.546,0.052,0.402
"SSR_8_d5","SSR_8","D5",5,0,"Alive","CTS3",0.058,0.09,0.852
"SSR_81_d5","SSR_81","D5",5,0,"Alive","CTS1",0.996,0.004,0
"SSR_9_d5","SSR_9","D5",5,0,"Alive","CTS3",0.44,0.066,0.494
"SSR_90_d5","SSR_90","D5",5,0,"Alive","CTS3",0,0,1
"SSR_94_d5","SSR_94","D5",5,0,"Alive","CTS3",0.004,0.006,0.99
"SSR_95_d5","SSR_95","D5",5,0,"Alive","CTS3",0,0,1
