Timepoint,Subgroup,Model,N,Deaths,Survivors,AUC,AUC_CI_lower,AUC_CI_upper,Brier,Calibration_intercept,Calibration_slope
D3,Lung infection,M0,161,28,133,0.686224489795918,0.579623277038399,0.792825702553437,,,
D3,Lung infection,M1,161,28,133,0.626208378088078,0.503429354167565,0.74898740200859,0.14954766078944,1.27016648232135,0.421923505820211
D3,Lung infection,M2,161,28,133,0.72610096670247,0.629804047154006,0.822397886250935,0.152328863843317,-0.853765808937244,0.939267991356869
D3,Lung infection,M3,161,28,133,0.727175080558539,0.630551295916517,0.823798865200561,0.148879980773826,-0.784279842021769,0.93032710573154
D3,Non-lung infection,M0,188,8,180,0.754513888888889,0.561038508618618,0.94798926915916,,,
D3,Non-lung infection,M1,188,8,180,0.722222222222222,0.502135477032065,0.94230896741238,0.043676005825632,-0.515807469607738,0.518383343334907
D3,Non-lung infection,M2,188,8,180,0.734027777777778,0.519315444613168,0.948740110942387,0.111178969579889,-2.50257706448837,0.863039552714275
D3,Non-lung infection,M3,188,8,180,0.738888888888889,0.518123109312734,0.959654668465044,0.105498312098194,-2.44855258017615,0.879271459460744
D5,Lung infection,M0,138,25,113,0.703716814159292,0.583357001026036,0.824076627292548,,,
D5,Lung infection,M1,138,25,113,0.660884955752212,0.532992809781994,0.788777101722431,0.145695511729826,1.53365906665496,0.544832678511609
D5,Lung infection,M2,138,25,113,0.761769911504425,0.654701452236133,0.868838370772716,0.128537339767262,-0.598226078450375,1.18362971134746
D5,Lung infection,M3,138,25,113,0.76424778761062,0.658419782037483,0.870075793183756,0.125851999202305,-0.513022879226232,1.18781037454171
D5,Non-lung infection,M0,152,4,148,0.875844594594594,0.754276058961928,0.997413130227262,,,
D5,Non-lung infection,M1,152,4,148,0.810810810810809,0.5499825513672,1.0,0.0240980204025081,-0.575601456513592,1.20725695627827
D5,Non-lung infection,M2,152,4,148,0.922297297297297,0.862776413247867,0.981818181346727,0.0670694412050995,-2.48719687401434,2.10727141410484
D5,Non-lung infection,M3,152,4,148,0.927364864864865,0.870123810230038,0.984605919499692,0.0630814556715802,-2.42920380788996,2.16969523281585
