Model,Gene,Gene_source,Feature,Coefficient,Lambda_min,Selection_count,Outer_model_n,Selection_frequency,Stable_50pct
M1,ACER3,CTS,D4_CTSg_ACER3,0.219395723255337,0.00807457234898466,63.0,100.0,0.63,True
M1,BTN3A3,CTS,D4_CTSg_BTN3A3,0.115587530268599,0.00807457234898466,65.0,100.0,0.65,True
M1,CA1,CTS,D4_CTSg_CA1,-0.068328655222273,0.00807457234898466,39.0,100.0,0.39,False
M1,EPB42,CTS,D4_CTSg_EPB42,0.278217492778672,0.00807457234898466,83.0,100.0,0.83,True
M1,FECH,CTS,D4_CTSg_FECH,-0.302300485180451,0.00807457234898466,77.0,100.0,0.77,True
M1,GADD45A,CTS,D4_CTSg_GADD45A,0.352426127419427,0.00807457234898466,99.0,100.0,0.99,True
M1,GLRX5,CTS,D4_CTSg_GLRX5,0.225512665814171,0.00807457234898466,65.0,100.0,0.65,True
M1,HK3,CTS,D4_CTSg_HK3,-0.532153079892473,0.00807457234898466,76.0,100.0,0.76,True
M1,METTL9,CTS,D4_CTSg_METTL9,0.373756318183044,0.00807457234898466,84.0,100.0,0.84,True
M1,NLRC4,CTS,D4_CTSg_NLRC4,-0.456981939379343,0.00807457234898466,82.0,100.0,0.82,True
M1,PGD,CTS,D4_CTSg_PGD,0.506496169325,0.00807457234898466,71.0,100.0,0.71,True
M1,SERPINB1,CTS,D4_CTSg_SERPINB1,0.552033167795069,0.00807457234898466,95.0,100.0,0.95,True
M1,SNX3,CTS,D4_CTSg_SNX3,-0.920660759115179,0.00807457234898466,79.0,100.0,0.79,True
M1,STOM,CTS,D4_CTSg_STOM,-0.0369279337258308,0.00807457234898466,39.0,100.0,0.39,False
M1,TDRD9,CTS,D4_CTSg_TDRD9,0.0638092043869232,0.00807457234898466,57.0,100.0,0.57,True
M1,UBE2H,CTS,D4_CTSg_UBE2H,0.765121661136632,0.00807457234898466,94.0,100.0,0.94,True
M2,DDX28,trajectory,D4_DYNg_DDX28,-0.0855133887425292,0.09246921357378,64.0,100.0,0.64,True
M2,EXOSC1,trajectory,D4_DYNg_EXOSC1,-0.454906429032716,0.09246921357378,95.0,100.0,0.95,True
M2,FZD5,trajectory,D4_DYNg_FZD5,0.0704826854382524,0.09246921357378,49.0,100.0,0.49,False
M2,HTRA2,trajectory,D4_DYNg_HTRA2,0.0163214346678699,0.09246921357378,38.0,100.0,0.38,False
M2,IRAK2,trajectory,D4_DYNg_IRAK2,0.0229359539593285,0.09246921357378,48.0,100.0,0.48,False
M2,MRM1,trajectory,D4_DYNg_MRM1,-0.00586423682404723,0.09246921357378,35.0,100.0,0.35,False
M2,OTULIN,trajectory,D4_DYNg_OTULIN,0.143658630624145,0.09246921357378,42.0,100.0,0.42,False
M2,PIAS3,trajectory,D4_DYNg_PIAS3,0.0960566623078726,0.09246921357378,40.0,100.0,0.4,False
M2,PTPN11,trajectory,D4_DYNg_PTPN11,0.0115660600632351,0.09246921357378,32.0,100.0,0.32,False
M2,RB1CC1,trajectory,D4_DYNg_RB1CC1,0.0635705061397205,0.09246921357378,45.0,100.0,0.45,False
M2,RRS1,trajectory,D4_DYNg_RRS1,-0.0355947187824576,0.09246921357378,55.0,100.0,0.55,True
M2,SLC39A8,trajectory,D4_DYNg_SLC39A8,0.0752925868561718,0.09246921357378,56.0,100.0,0.56,True
M2,SOCS5,trajectory,D4_DYNg_SOCS5,0.172779012416331,0.09246921357378,90.0,100.0,0.9,True
M2,SURF6,trajectory,D4_DYNg_SURF6,-0.04181950083824,0.09246921357378,43.0,100.0,0.43,False
M2,TBK1,trajectory,D4_DYNg_TBK1,0.299918518812301,0.09246921357378,96.0,100.0,0.96,True
M2,TNFAIP3,trajectory,D4_DYNg_TNFAIP3,0.0665387559001582,0.09246921357378,76.0,100.0,0.76,True
M2,ZNF658,trajectory,D4_DYNg_ZNF658,-0.000514384546458033,0.09246921357378,31.0,100.0,0.31,False
M3,GADD45A,CTS,D4_CTSg_GADD45A,0.0535796628309133,0.0924807171043926,60.0,100.0,0.6,True
M3,UBE2H,CTS,D4_CTSg_UBE2H,0.0224341727764364,0.0924807171043926,24.0,100.0,0.24,False
M3,DDX28,trajectory,D4_DYNg_DDX28,-0.0650868334877008,0.0924807171043926,61.0,100.0,0.61,True
M3,EXOSC1,trajectory,D4_DYNg_EXOSC1,-0.456269869726965,0.0924807171043926,95.0,100.0,0.95,True
M3,FZD5,trajectory,D4_DYNg_FZD5,0.053336323418784,0.0924807171043926,40.0,100.0,0.4,False
M3,IRAK2,trajectory,D4_DYNg_IRAK2,0.0248528866541586,0.0924807171043926,49.0,100.0,0.49,False
M3,OTULIN,trajectory,D4_DYNg_OTULIN,0.162539360241166,0.0924807171043926,45.0,100.0,0.45,False
M3,PIAS3,trajectory,D4_DYNg_PIAS3,0.0886824953768795,0.0924807171043926,42.0,100.0,0.42,False
M3,RB1CC1,trajectory,D4_DYNg_RB1CC1,0.0277880418610106,0.0924807171043926,39.0,100.0,0.39,False
M3,RRS1,trajectory,D4_DYNg_RRS1,-0.0265358084588868,0.0924807171043926,50.0,100.0,0.5,True
M3,SLC39A8,trajectory,D4_DYNg_SLC39A8,0.0664609267734678,0.0924807171043926,60.0,100.0,0.6,True
M3,SOCS5,trajectory,D4_DYNg_SOCS5,0.156832966155152,0.0924807171043926,91.0,100.0,0.91,True
M3,SURF6,trajectory,D4_DYNg_SURF6,-0.0589045121663429,0.0924807171043926,46.0,100.0,0.46,False
M3,TBK1,trajectory,D4_DYNg_TBK1,0.329029682360458,0.0924807171043926,95.0,100.0,0.95,True
M3,TNFAIP3,trajectory,D4_DYNg_TNFAIP3,0.0610805659960067,0.0924807171043926,71.0,100.0,0.71,True
M3,ZNF658,trajectory,D4_DYNg_ZNF658,-0.00285999270721693,0.0924807171043926,32.0,100.0,0.32,False
