Timepoint,Subgroup,Contrast,New_model,Reference_model,N,Deaths,AUC_new,AUC_reference,DeltaAUC,DeltaAUC_CI_lower,DeltaAUC_CI_upper,DeLong_p
D3,Lung infection,M1 - M0,M1,M0,161,28,0.626208378088078,0.686224489795918,-0.0600161117078406,-0.192089042465189,0.0720568190495066,0.373122404431964
D3,Lung infection,M2 - M0,M2,M0,161,28,0.72610096670247,0.686224489795918,0.0398764769065519,-0.0332412154241234,0.112994169237228,0.285108832239401
D3,Lung infection,M3 - M0,M3,M0,161,28,0.727175080558539,0.686224489795918,0.0409505907626204,-0.0335408263349819,0.115442007860224,0.281273847801669
D3,Lung infection,M2 - M1,M2,M1,161,28,0.72610096670247,0.626208378088078,0.0998925886143925,-0.0193324682486809,0.219117645477467,0.100558141713342
D3,Lung infection,M3 - M2,M3,M2,161,28,0.727175080558539,0.72610096670247,0.00107411385606848,-0.00684886866389101,0.00899709637602841,0.790461706992138
D3,Lung infection,M3 - M1,M3,M1,161,28,0.727175080558539,0.626208378088078,0.100966702470461,-0.0157376553149746,0.217671060255898,0.0899499807234103
D3,Non-lung infection,M1 - M0,M1,M0,188,8,0.722222222222222,0.754513888888889,-0.0322916666666664,-0.127627035543337,0.0630437022100037,0.506772093049494
D3,Non-lung infection,M2 - M0,M2,M0,188,8,0.734027777777778,0.754513888888889,-0.0204861111111109,-0.128290196286535,0.0873179740643122,0.709555012230722
D3,Non-lung infection,M3 - M0,M3,M0,188,8,0.738888888888889,0.754513888888889,-0.0156249999999997,-0.131672361561174,0.100422361561174,0.79186003982285
D3,Non-lung infection,M2 - M1,M2,M1,188,8,0.734027777777778,0.722222222222222,0.0118055555555555,-0.0701914230240303,0.0938025341351414,0.777800291334518
D3,Non-lung infection,M3 - M2,M3,M2,188,8,0.738888888888889,0.734027777777778,0.0048611111111112,-0.010022737714664,0.0197449599368864,0.522087887821058
D3,Non-lung infection,M3 - M1,M3,M1,188,8,0.738888888888889,0.722222222222222,0.0166666666666667,-0.0620458906040229,0.0953792239373563,0.678138600195902
D5,Lung infection,M1 - M0,M1,M0,138,25,0.660884955752212,0.703716814159292,-0.0428318584070799,-0.156798094316698,0.0711343775025387,0.461358319862272
D5,Lung infection,M2 - M0,M2,M0,138,25,0.761769911504425,0.703716814159292,0.0580530973451325,-0.00596068645439728,0.122066881144663,0.0754924841637805
D5,Lung infection,M3 - M0,M3,M0,138,25,0.76424778761062,0.703716814159292,0.0605309734513275,-0.00115606811119137,0.122218015013846,0.0544508477174667
D5,Lung infection,M2 - M1,M2,M1,138,25,0.761769911504425,0.660884955752212,0.100884955752212,-0.0117759487837735,0.213545860288198,0.0792426198053293
D5,Lung infection,M3 - M2,M3,M2,138,25,0.76424778761062,0.761769911504425,0.00247787610619499,-0.0121030708483297,0.0170588230607193,0.739077720854153
D5,Lung infection,M3 - M1,M3,M1,138,25,0.76424778761062,0.660884955752212,0.103362831858407,-0.00290409110678615,0.2096297548236,0.0565981264118359
D5,Non-lung infection,M1 - M0,M1,M0,152,4,0.810810810810809,0.875844594594594,-0.0650337837837853,-0.277502601912111,0.147435034344543,0.548560868236373
D5,Non-lung infection,M2 - M0,M2,M0,152,4,0.922297297297297,0.875844594594594,0.0464527027027026,-0.055487467777311,0.148392873182716,0.371788610500339
D5,Non-lung infection,M3 - M0,M3,M0,152,4,0.927364864864865,0.875844594594594,0.0515202702702702,-0.0559573289617069,0.158997869502248,0.347461344996075
D5,Non-lung infection,M2 - M1,M2,M1,152,4,0.922297297297297,0.810810810810809,0.111486486486488,-0.147592048058773,0.370565021031745,0.398999026904885
D5,Non-lung infection,M3 - M2,M3,M2,152,4,0.927364864864865,0.922297297297297,0.00506756756756754,-0.00638168543212211,0.0165168205672574,0.38566701423094
D5,Non-lung infection,M3 - M1,M3,M1,152,4,0.927364864864865,0.810810810810809,0.116554054054056,-0.15161266206484,0.384720770172948,0.394289213897587
