Model,Feature,Coefficient,Lambda_min,Gene,Gene_source,Penalized
M1,(Intercept),-10.8233152104831,0.00807457234898466,(Intercept),Intercept,False
M1,SOFA_96h,0.143248453871846,0.00807457234898466,SOFA96,Clinical,False
M1,D4_CTSg_ACER3,0.219395723255337,0.00807457234898466,ACER3,CTS,True
M1,D4_CTSg_BTN3A3,0.115587530268599,0.00807457234898466,BTN3A3,CTS,True
M1,D4_CTSg_CA1,-0.068328655222273,0.00807457234898466,CA1,CTS,True
M1,D4_CTSg_EPB42,0.278217492778672,0.00807457234898466,EPB42,CTS,True
M1,D4_CTSg_FECH,-0.302300485180451,0.00807457234898466,FECH,CTS,True
M1,D4_CTSg_GADD45A,0.352426127419427,0.00807457234898466,GADD45A,CTS,True
M1,D4_CTSg_GLRX5,0.225512665814171,0.00807457234898466,GLRX5,CTS,True
M1,D4_CTSg_HK3,-0.532153079892473,0.00807457234898466,HK3,CTS,True
M1,D4_CTSg_METTL9,0.373756318183044,0.00807457234898466,METTL9,CTS,True
M1,D4_CTSg_NLRC4,-0.456981939379343,0.00807457234898466,NLRC4,CTS,True
M1,D4_CTSg_PGD,0.506496169325,0.00807457234898466,PGD,CTS,True
M1,D4_CTSg_SERPINB1,0.552033167795069,0.00807457234898466,SERPINB1,CTS,True
M1,D4_CTSg_SNX3,-0.920660759115179,0.00807457234898466,SNX3,CTS,True
M1,D4_CTSg_STOM,-0.0369279337258308,0.00807457234898466,STOM,CTS,True
M1,D4_CTSg_TDRD9,0.0638092043869232,0.00807457234898466,TDRD9,CTS,True
M1,D4_CTSg_UBE2H,0.765121661136632,0.00807457234898466,UBE2H,CTS,True
M2,(Intercept),-5.40212709924481,0.09246921357378,(Intercept),Intercept,False
M2,SOFA_96h,0.179727652314235,0.09246921357378,SOFA96,Clinical,False
M2,D4_DYNg_DDX28,-0.0855133887425292,0.09246921357378,DDX28,trajectory,True
M2,D4_DYNg_EXOSC1,-0.454906429032716,0.09246921357378,EXOSC1,trajectory,True
M2,D4_DYNg_FZD5,0.0704826854382524,0.09246921357378,FZD5,trajectory,True
M2,D4_DYNg_HTRA2,0.0163214346678699,0.09246921357378,HTRA2,trajectory,True
M2,D4_DYNg_IRAK2,0.0229359539593285,0.09246921357378,IRAK2,trajectory,True
M2,D4_DYNg_MRM1,-0.00586423682404723,0.09246921357378,MRM1,trajectory,True
M2,D4_DYNg_OTULIN,0.143658630624145,0.09246921357378,OTULIN,trajectory,True
M2,D4_DYNg_PIAS3,0.0960566623078726,0.09246921357378,PIAS3,trajectory,True
M2,D4_DYNg_PTPN11,0.0115660600632351,0.09246921357378,PTPN11,trajectory,True
M2,D4_DYNg_RB1CC1,0.0635705061397205,0.09246921357378,RB1CC1,trajectory,True
M2,D4_DYNg_RRS1,-0.0355947187824576,0.09246921357378,RRS1,trajectory,True
M2,D4_DYNg_SLC39A8,0.0752925868561718,0.09246921357378,SLC39A8,trajectory,True
M2,D4_DYNg_SOCS5,0.172779012416331,0.09246921357378,SOCS5,trajectory,True
M2,D4_DYNg_SURF6,-0.04181950083824,0.09246921357378,SURF6,trajectory,True
M2,D4_DYNg_TBK1,0.299918518812301,0.09246921357378,TBK1,trajectory,True
M2,D4_DYNg_TNFAIP3,0.0665387559001582,0.09246921357378,TNFAIP3,trajectory,True
M2,D4_DYNg_ZNF658,-0.000514384546458033,0.09246921357378,ZNF658,trajectory,True
M3,(Intercept),-5.4985431049011,0.0924807171043926,(Intercept),Intercept,False
M3,SOFA_96h,0.175941996803568,0.0924807171043926,SOFA96,Clinical,False
M3,D4_CTSg_GADD45A,0.0535796628309133,0.0924807171043926,GADD45A,CTS,True
M3,D4_CTSg_UBE2H,0.0224341727764364,0.0924807171043926,UBE2H,CTS,True
M3,D4_DYNg_DDX28,-0.0650868334877008,0.0924807171043926,DDX28,trajectory,True
M3,D4_DYNg_EXOSC1,-0.456269869726965,0.0924807171043926,EXOSC1,trajectory,True
M3,D4_DYNg_FZD5,0.053336323418784,0.0924807171043926,FZD5,trajectory,True
M3,D4_DYNg_IRAK2,0.0248528866541586,0.0924807171043926,IRAK2,trajectory,True
M3,D4_DYNg_OTULIN,0.162539360241166,0.0924807171043926,OTULIN,trajectory,True
M3,D4_DYNg_PIAS3,0.0886824953768795,0.0924807171043926,PIAS3,trajectory,True
M3,D4_DYNg_RB1CC1,0.0277880418610106,0.0924807171043926,RB1CC1,trajectory,True
M3,D4_DYNg_RRS1,-0.0265358084588868,0.0924807171043926,RRS1,trajectory,True
M3,D4_DYNg_SLC39A8,0.0664609267734678,0.0924807171043926,SLC39A8,trajectory,True
M3,D4_DYNg_SOCS5,0.156832966155152,0.0924807171043926,SOCS5,trajectory,True
M3,D4_DYNg_SURF6,-0.0589045121663429,0.0924807171043926,SURF6,trajectory,True
M3,D4_DYNg_TBK1,0.329029682360458,0.0924807171043926,TBK1,trajectory,True
M3,D4_DYNg_TNFAIP3,0.0610805659960067,0.0924807171043926,TNFAIP3,trajectory,True
M3,D4_DYNg_ZNF658,-0.00285999270721693,0.0924807171043926,ZNF658,trajectory,True
