"Repeat","Outer_fold","Model","Lambda_min","Selected_gene_n","Selected_CTS_n","Selected_trajectory_n","Selected_genes"
1,1,"M1",0.017712305443442,13,13,0,"SERPINB1;FECH;ACER3;NLRC4;BTN3A3;SNX3;GADD45A;PGD;HK3;EPB42;GLRX5;UBE2H;METTL9"
1,2,"M1",0.0870260537056201,3,3,0,"SERPINB1;GADD45A;TDRD9"
1,3,"M1",0.00680673610586793,15,15,0,"SERPINB1;FECH;ACER3;NLRC4;BTN3A3;SNX3;GADD45A;CA1;PGD;STOM;HK3;EPB42;GLRX5;UBE2H;METTL9"
1,4,"M1",0.0536180186804823,4,4,0,"SERPINB1;NLRC4;GADD45A;UBE2H"
1,5,"M1",0.0756185971622484,2,2,0,"GADD45A;UBE2H"
2,1,"M1",0.0177263882480114,11,11,0,"SERPINB1;FECH;ACER3;NLRC4;SNX3;GADD45A;TDRD9;HK3;EPB42;UBE2H;METTL9"
2,2,"M1",0.0028436993225103,18,18,0,"SLC4A1;SERPINB1;FECH;ACER3;NLRC4;BTN3A3;SNX3;GADD45A;CA1;PGD;STOM;TDRD9;HK3;EPB42;BPGM;GLRX5;UBE2H;METTL9"
2,3,"M1",0.00835212927375928,15,15,0,"SERPINB1;FECH;ACER3;NLRC4;BTN3A3;SNX3;GADD45A;CA1;PGD;TDRD9;HK3;EPB42;GLRX5;UBE2H;METTL9"
2,4,"M1",0.00899770384565573,14,14,0,"SLC4A1;SERPINB1;FECH;NLRC4;BTN3A3;SNX3;GADD45A;PGD;STOM;HK3;EPB42;GLRX5;UBE2H;METTL9"
2,5,"M1",0.0254689640768982,9,9,0,"SERPINB1;ACER3;NLRC4;SNX3;GADD45A;TDRD9;HK3;EPB42;UBE2H"
3,1,"M1",0.00751369678363714,17,17,0,"SLC4A1;SERPINB1;FECH;ACER3;NLRC4;BTN3A3;SNX3;GADD45A;CA1;PGD;STOM;TDRD9;HK3;EPB42;GLRX5;UBE2H;METTL9"
3,2,"M1",0.0412559536140824,6,6,0,"SERPINB1;NLRC4;GADD45A;TDRD9;UBE2H;METTL9"
3,3,"M1",0.00650104598300018,17,17,0,"SLC4A1;SERPINB1;FECH;ACER3;NLRC4;BTN3A3;SNX3;GADD45A;CA1;PGD;STOM;TDRD9;HK3;EPB42;GLRX5;UBE2H;METTL9"
3,4,"M1",0.0051428911793332,16,16,0,"SERPINB1;FECH;ACER3;NLRC4;BTN3A3;SNX3;GADD45A;CA1;PGD;STOM;TDRD9;HK3;EPB42;GLRX5;UBE2H;METTL9"
3,5,"M1",0.0536976370007141,3,3,0,"SERPINB1;GADD45A;UBE2H"
4,1,"M1",0.0303595587452125,7,7,0,"SERPINB1;NLRC4;SNX3;GADD45A;PGD;EPB42;UBE2H"
4,2,"M1",0.0837673887042089,4,4,0,"SERPINB1;GADD45A;UBE2H;METTL9"
4,3,"M1",0.00717832121393983,15,15,0,"SERPINB1;FECH;NLRC4;BTN3A3;SNX3;GADD45A;CA1;PGD;STOM;TDRD9;HK3;EPB42;GLRX5;UBE2H;METTL9"
4,4,"M1",0.0115255695383523,14,14,0,"SERPINB1;FECH;ACER3;NLRC4;BTN3A3;SNX3;GADD45A;PGD;TDRD9;HK3;EPB42;GLRX5;UBE2H;METTL9"
4,5,"M1",0.00671320478842541,15,15,0,"SLC4A1;SERPINB1;FECH;ACER3;NLRC4;BTN3A3;SNX3;GADD45A;CA1;PGD;HK3;EPB42;GLRX5;UBE2H;METTL9"
5,1,"M1",0.00739492668506877,15,15,0,"SERPINB1;FECH;NLRC4;BTN3A3;SNX3;GADD45A;CA1;PGD;STOM;TDRD9;HK3;EPB42;GLRX5;UBE2H;METTL9"
5,2,"M1",0.00774949226410902,17,17,0,"SLC4A1;SERPINB1;FECH;ACER3;NLRC4;BTN3A3;SNX3;GADD45A;PGD;STOM;TDRD9;HK3;EPB42;BPGM;GLRX5;UBE2H;METTL9"
5,3,"M1",0.00521773487643235,16,16,0,"SERPINB1;FECH;ACER3;NLRC4;BTN3A3;SNX3;GADD45A;CA1;PGD;STOM;TDRD9;HK3;EPB42;GLRX5;UBE2H;METTL9"
5,4,"M1",0.012598700127885,12,12,0,"SLC4A1;SERPINB1;FECH;ACER3;NLRC4;SNX3;GADD45A;PGD;HK3;EPB42;UBE2H;METTL9"
5,5,"M1",0.00784031401481325,15,15,0,"SERPINB1;FECH;ACER3;NLRC4;BTN3A3;SNX3;GADD45A;CA1;PGD;STOM;HK3;EPB42;GLRX5;UBE2H;METTL9"
6,1,"M1",0.00946205585585429,14,14,0,"SERPINB1;FECH;ACER3;NLRC4;BTN3A3;SNX3;GADD45A;PGD;TDRD9;HK3;EPB42;GLRX5;UBE2H;METTL9"
6,2,"M1",0.11612929570451,2,2,0,"SERPINB1;GADD45A"
6,3,"M1",0.00285794493856485,17,17,0,"SLC4A1;SERPINB1;FECH;ACER3;NLRC4;BTN3A3;SNX3;GADD45A;CA1;PGD;STOM;TDRD9;HK3;EPB42;GLRX5;UBE2H;METTL9"
6,4,"M1",0.0113645295185085,15,15,0,"SLC4A1;SERPINB1;FECH;NLRC4;BTN3A3;SNX3;GADD45A;CA1;PGD;TDRD9;HK3;EPB42;GLRX5;UBE2H;METTL9"
6,5,"M1",0.0143719541276901,11,11,0,"SERPINB1;FECH;ACER3;NLRC4;SNX3;GADD45A;PGD;HK3;EPB42;UBE2H;METTL9"
7,1,"M1",0.0106771439090184,14,14,0,"SERPINB1;FECH;ACER3;NLRC4;BTN3A3;SNX3;GADD45A;PGD;STOM;HK3;EPB42;GLRX5;UBE2H;METTL9"
7,2,"M1",0.00924157233090582,16,16,0,"SLC4A1;SERPINB1;FECH;ACER3;NLRC4;SNX3;GADD45A;CA1;PGD;STOM;TDRD9;HK3;EPB42;GLRX5;UBE2H;METTL9"
7,3,"M1",0.0112672739802102,14,14,0,"SERPINB1;FECH;ACER3;NLRC4;BTN3A3;SNX3;GADD45A;PGD;TDRD9;HK3;EPB42;GLRX5;UBE2H;METTL9"
7,4,"M1",0.00948038210568409,16,16,0,"SLC4A1;SERPINB1;FECH;ACER3;NLRC4;BTN3A3;SNX3;GADD45A;CA1;PGD;TDRD9;HK3;EPB42;GLRX5;UBE2H;METTL9"
7,5,"M1",0.0109142888353606,14,14,0,"SERPINB1;FECH;ACER3;NLRC4;SNX3;GADD45A;PGD;STOM;TDRD9;HK3;EPB42;GLRX5;UBE2H;METTL9"
8,1,"M1",0.0148689558096574,12,12,0,"SERPINB1;FECH;ACER3;BTN3A3;SNX3;GADD45A;TDRD9;HK3;EPB42;GLRX5;UBE2H;METTL9"
8,2,"M1",0.0068453301958961,15,15,0,"SERPINB1;FECH;ACER3;NLRC4;BTN3A3;SNX3;GADD45A;CA1;PGD;TDRD9;HK3;EPB42;GLRX5;UBE2H;METTL9"
8,3,"M1",0.00753119275386211,15,15,0,"SLC4A1;SERPINB1;FECH;ACER3;NLRC4;BTN3A3;SNX3;GADD45A;PGD;TDRD9;HK3;EPB42;GLRX5;UBE2H;METTL9"
8,4,"M1",0.0845618514773183,4,4,0,"SERPINB1;GADD45A;UBE2H;METTL9"
8,5,"M1",0.0070572294904327,16,16,0,"SERPINB1;FECH;ACER3;NLRC4;BTN3A3;SNX3;GADD45A;CA1;PGD;STOM;TDRD9;HK3;EPB42;GLRX5;UBE2H;METTL9"
9,1,"M1",0.00825608200045226,16,16,0,"SERPINB1;FECH;ACER3;NLRC4;BTN3A3;SNX3;GADD45A;CA1;PGD;STOM;TDRD9;HK3;EPB42;GLRX5;UBE2H;METTL9"
9,2,"M1",0.0121221358272259,16,16,0,"SLC4A1;SERPINB1;FECH;ACER3;NLRC4;BTN3A3;SNX3;GADD45A;PGD;STOM;TDRD9;HK3;EPB42;GLRX5;UBE2H;METTL9"
9,3,"M1",0.0635013895992359,5,5,0,"SERPINB1;GADD45A;PGD;EPB42;UBE2H"
9,4,"M1",0.0871043141727963,2,2,0,"SERPINB1;GADD45A"
9,5,"M1",0.0166605950403877,11,11,0,"SERPINB1;FECH;ACER3;NLRC4;BTN3A3;SNX3;GADD45A;HK3;EPB42;UBE2H;METTL9"
10,1,"M1",0.00752317254429794,14,14,0,"SERPINB1;FECH;ACER3;NLRC4;SNX3;GADD45A;CA1;PGD;STOM;HK3;EPB42;GLRX5;UBE2H;METTL9"
10,2,"M1",0.00828299809719204,16,16,0,"SERPINB1;FECH;ACER3;NLRC4;BTN3A3;SNX3;GADD45A;CA1;PGD;STOM;TDRD9;HK3;EPB42;GLRX5;UBE2H;METTL9"
10,3,"M1",0.161767025619573,1,1,0,"GADD45A"
10,4,"M1",0.006080004284809,16,16,0,"SLC4A1;SERPINB1;FECH;ACER3;NLRC4;BTN3A3;SNX3;GADD45A;CA1;PGD;TDRD9;HK3;EPB42;GLRX5;UBE2H;METTL9"
10,5,"M1",0.0146478271450541,14,14,0,"SERPINB1;FECH;NLRC4;BTN3A3;SNX3;GADD45A;PGD;STOM;TDRD9;HK3;EPB42;GLRX5;UBE2H;METTL9"
11,1,"M1",0.00842273170130676,15,15,0,"SERPINB1;FECH;ACER3;NLRC4;BTN3A3;SNX3;GADD45A;CA1;PGD;TDRD9;HK3;EPB42;GLRX5;UBE2H;METTL9"
11,2,"M1",0.0432964210922198,5,5,0,"SERPINB1;NLRC4;GADD45A;UBE2H;METTL9"
11,3,"M1",0.0131381604742702,12,12,0,"SERPINB1;FECH;NLRC4;BTN3A3;SNX3;GADD45A;PGD;TDRD9;HK3;EPB42;UBE2H;METTL9"
11,4,"M1",0.0139226795987685,15,15,0,"SERPINB1;FECH;ACER3;NLRC4;BTN3A3;SNX3;GADD45A;PGD;STOM;TDRD9;HK3;EPB42;GLRX5;UBE2H;METTL9"
11,5,"M1",0.00756298139241715,15,15,0,"SLC4A1;SERPINB1;FECH;ACER3;NLRC4;BTN3A3;SNX3;GADD45A;CA1;PGD;HK3;EPB42;GLRX5;UBE2H;METTL9"
12,1,"M1",0.00786883258823371,16,16,0,"SERPINB1;FECH;ACER3;NLRC4;BTN3A3;SNX3;GADD45A;CA1;PGD;STOM;TDRD9;HK3;EPB42;GLRX5;UBE2H;METTL9"
12,2,"M1",0.00566556577711036,18,18,0,"SLC4A1;SERPINB1;FECH;ACER3;NLRC4;BTN3A3;SNX3;GADD45A;CA1;PGD;STOM;TDRD9;HK3;EPB42;BPGM;GLRX5;UBE2H;METTL9"
12,3,"M1",0.00912702536753533,14,14,0,"SLC4A1;SERPINB1;FECH;ACER3;NLRC4;SNX3;GADD45A;PGD;STOM;HK3;EPB42;GLRX5;UBE2H;METTL9"
12,4,"M1",0.0220556286260056,11,11,0,"SERPINB1;FECH;NLRC4;BTN3A3;SNX3;GADD45A;TDRD9;EPB42;GLRX5;UBE2H;METTL9"
12,5,"M1",0.00945081756454546,15,15,0,"SERPINB1;FECH;ACER3;NLRC4;SNX3;GADD45A;CA1;PGD;STOM;TDRD9;HK3;EPB42;GLRX5;UBE2H;METTL9"
13,1,"M1",0.00652507199883104,18,18,0,"SLC4A1;SERPINB1;FECH;ACER3;NLRC4;BTN3A3;SNX3;GADD45A;CA1;PGD;STOM;TDRD9;HK3;EPB42;BPGM;GLRX5;UBE2H;METTL9"
13,2,"M1",0.0593468048430982,3,3,0,"SERPINB1;GADD45A;UBE2H"
13,3,"M1",0.0807915048201433,3,3,0,"GADD45A;EPB42;UBE2H"
13,4,"M1",0.00897603210242669,14,14,0,"SERPINB1;FECH;ACER3;NLRC4;BTN3A3;SNX3;GADD45A;CA1;PGD;HK3;EPB42;GLRX5;UBE2H;METTL9"
13,5,"M1",0.0123131700590835,13,13,0,"SLC4A1;SERPINB1;FECH;ACER3;NLRC4;BTN3A3;SNX3;GADD45A;PGD;HK3;EPB42;UBE2H;METTL9"
14,1,"M1",0.00549888350548078,18,18,0,"SLC4A1;SERPINB1;FECH;ACER3;NLRC4;BTN3A3;SNX3;GADD45A;CA1;PGD;STOM;TDRD9;HK3;EPB42;BPGM;GLRX5;UBE2H;METTL9"
14,2,"M1",0.00767827792478865,15,15,0,"SERPINB1;FECH;ACER3;NLRC4;BTN3A3;SNX3;GADD45A;CA1;PGD;TDRD9;HK3;EPB42;GLRX5;UBE2H;METTL9"
14,3,"M1",0.01371390047466,13,13,0,"SLC4A1;SERPINB1;FECH;ACER3;NLRC4;BTN3A3;SNX3;GADD45A;PGD;HK3;EPB42;UBE2H;METTL9"
14,4,"M1",0.0679444897826518,5,5,0,"SERPINB1;GADD45A;EPB42;UBE2H;METTL9"
14,5,"M1",0.0148926029737232,15,15,0,"SERPINB1;FECH;ACER3;NLRC4;BTN3A3;SNX3;GADD45A;PGD;STOM;TDRD9;HK3;EPB42;GLRX5;UBE2H;METTL9"
15,1,"M1",0.0135578065931377,14,14,0,"SLC4A1;SERPINB1;FECH;NLRC4;BTN3A3;SNX3;GADD45A;PGD;STOM;TDRD9;HK3;EPB42;UBE2H;METTL9"
15,2,"M1",0.00522052776831614,15,15,0,"SERPINB1;FECH;ACER3;NLRC4;SNX3;GADD45A;CA1;PGD;STOM;TDRD9;HK3;EPB42;GLRX5;UBE2H;METTL9"
15,3,"M1",0.169794012256024,0,0,0,""
15,4,"M1",0.0120639129599663,14,14,0,"SERPINB1;FECH;ACER3;NLRC4;BTN3A3;SNX3;GADD45A;PGD;TDRD9;HK3;EPB42;GLRX5;UBE2H;METTL9"
15,5,"M1",0.0457352232202101,5,5,0,"SERPINB1;NLRC4;GADD45A;EPB42;UBE2H"
16,1,"M1",0.0226785557079374,10,10,0,"SERPINB1;FECH;NLRC4;BTN3A3;SNX3;GADD45A;HK3;EPB42;UBE2H;METTL9"
16,2,"M1",0.0246585982838359,10,10,0,"SERPINB1;FECH;ACER3;NLRC4;BTN3A3;SNX3;GADD45A;EPB42;UBE2H;METTL9"
16,3,"M1",0.01020372761949,14,14,0,"SERPINB1;FECH;ACER3;NLRC4;BTN3A3;SNX3;GADD45A;PGD;TDRD9;HK3;EPB42;GLRX5;UBE2H;METTL9"
16,4,"M1",0.0217285719579685,12,12,0,"SERPINB1;FECH;NLRC4;BTN3A3;SNX3;GADD45A;PGD;TDRD9;HK3;EPB42;UBE2H;METTL9"
16,5,"M1",0.0920844671810288,3,3,0,"SERPINB1;GADD45A;METTL9"
17,1,"M1",0.00802054342453235,15,15,0,"SERPINB1;FECH;ACER3;NLRC4;BTN3A3;SNX3;GADD45A;PGD;STOM;TDRD9;HK3;EPB42;GLRX5;UBE2H;METTL9"
17,2,"M1",0.0204364627591998,10,10,0,"SERPINB1;FECH;ACER3;NLRC4;SNX3;GADD45A;HK3;EPB42;UBE2H;METTL9"
17,3,"M1",0.00618337899550519,15,15,0,"SERPINB1;FECH;ACER3;NLRC4;BTN3A3;SNX3;GADD45A;CA1;PGD;TDRD9;HK3;EPB42;GLRX5;UBE2H;METTL9"
17,4,"M1",0.0143043908256332,13,13,0,"SERPINB1;FECH;NLRC4;BTN3A3;SNX3;GADD45A;PGD;TDRD9;HK3;EPB42;GLRX5;UBE2H;METTL9"
17,5,"M1",0.00940688228790211,16,16,0,"SLC4A1;SERPINB1;FECH;ACER3;NLRC4;BTN3A3;SNX3;GADD45A;PGD;STOM;TDRD9;HK3;EPB42;GLRX5;UBE2H;METTL9"
18,1,"M1",0.00726526911198403,16,16,0,"SERPINB1;FECH;ACER3;NLRC4;BTN3A3;SNX3;GADD45A;CA1;PGD;STOM;TDRD9;HK3;EPB42;GLRX5;UBE2H;METTL9"
18,2,"M1",0.0798885326204917,2,2,0,"GADD45A;UBE2H"
18,3,"M1",0.0114434749387308,13,13,0,"SERPINB1;FECH;NLRC4;BTN3A3;SNX3;GADD45A;PGD;TDRD9;HK3;EPB42;GLRX5;UBE2H;METTL9"
18,4,"M1",0.0147261260563047,12,12,0,"SERPINB1;FECH;NLRC4;SNX3;GADD45A;PGD;STOM;HK3;EPB42;GLRX5;UBE2H;METTL9"
18,5,"M1",0.0107103311745407,16,16,0,"SLC4A1;SERPINB1;FECH;ACER3;NLRC4;BTN3A3;SNX3;GADD45A;CA1;PGD;STOM;HK3;EPB42;GLRX5;UBE2H;METTL9"
19,1,"M1",0.00687391997753076,15,15,0,"SLC4A1;SERPINB1;FECH;NLRC4;BTN3A3;SNX3;GADD45A;CA1;PGD;STOM;HK3;EPB42;GLRX5;UBE2H;METTL9"
19,2,"M1",0.00708949624249809,15,15,0,"SERPINB1;FECH;ACER3;NLRC4;BTN3A3;SNX3;GADD45A;CA1;PGD;STOM;HK3;EPB42;GLRX5;UBE2H;METTL9"
19,3,"M1",0.0827102572081171,3,3,0,"SERPINB1;GADD45A;UBE2H"
19,4,"M1",0.00836955511591135,16,16,0,"SLC4A1;SERPINB1;FECH;ACER3;NLRC4;BTN3A3;SNX3;GADD45A;PGD;STOM;TDRD9;HK3;EPB42;GLRX5;UBE2H;METTL9"
19,5,"M1",0.00986177713871861,14,14,0,"SERPINB1;FECH;ACER3;NLRC4;SNX3;GADD45A;CA1;TDRD9;HK3;EPB42;BPGM;GLRX5;UBE2H;METTL9"
20,1,"M1",0.00435957966342526,16,16,0,"SLC4A1;SERPINB1;FECH;ACER3;NLRC4;BTN3A3;SNX3;GADD45A;CA1;PGD;TDRD9;HK3;EPB42;GLRX5;UBE2H;METTL9"
20,2,"M1",0.0169682356859744,13,13,0,"SERPINB1;FECH;NLRC4;BTN3A3;SNX3;GADD45A;PGD;TDRD9;HK3;EPB42;GLRX5;UBE2H;METTL9"
20,3,"M1",0.0095942345496555,14,14,0,"SERPINB1;FECH;ACER3;NLRC4;BTN3A3;SNX3;GADD45A;CA1;PGD;HK3;EPB42;GLRX5;UBE2H;METTL9"
20,4,"M1",0.0146028903535172,14,14,0,"SERPINB1;FECH;ACER3;NLRC4;BTN3A3;SNX3;GADD45A;PGD;TDRD9;HK3;EPB42;GLRX5;UBE2H;METTL9"
20,5,"M1",0.0690715471971396,4,4,0,"SERPINB1;GADD45A;UBE2H;METTL9"
1,1,"M2",0.065414622742867,28,0,28,"DDX28;IRF7;NLRC5;ERAL1;TBK1;EXOSC1;EXOSC9;FZD5;DDX3X;HTRA2;MRM1;IL10;IL15;SPATA33;IRAK2;UBE2A;OTULIN;PIAS3;RRS1;SLC39A8;SURF6;SOCS5;SUV39H1;TLR6;TLR8;ZNF658;TRAF3IP2;UGCG"
1,2,"M2",0.184390417888817,5,0,5,"TBK1;MRM1;NFKBIA;SOCS5;TNFAIP3"
1,3,"M2",0.0997919010012959,16,0,16,"DDX28;DIMT1;PTPN11;TBK1;EXOSC1;FZD5;NFKBIA;OTULIN;PIAS3;PRKCE;RRS1;SLC39A8;SURF6;SOCS5;TNFAIP3;ZNF658"
1,4,"M2",0.127440554154594,9,0,9,"TBK1;EXOSC1;RAB1A;IRAK2;NFKBIA;RRS1;SURF6;SOCS5;TNFAIP3"
1,5,"M2",0.118672115297977,12,0,12,"PTPN11;EPG5;TBK1;EXOSC1;FZD5;RB1CC1;IRAK2;MAPKAPK2;OTULIN;RRS1;SOCS5;TNFAIP3"
2,1,"M2",0.117632820417919,10,0,10,"TBK1;EXOSC1;RB1CC1;UBE2A;NFKBIA;REL;SLC39A8;SOCS5;TNFAIP3;UGCG"
2,2,"M2",0.0425141371063742,31,0,31,"ADCY10;GIGYF2;DDX28;PTPN11;CCR3;CTSK;ERAL1;TBK1;FZD5;DDX3X;HTRA2;PAFAH1B2;MRM1;RB1CC1;SPATA33;SPG11;SPTLC2;IL6ST;IRAK2;VPS13D;PIH1D1;MAP2K6;RPP25;OTULIN;PIAS3;RRS1;SLC39A8;SURF6;SOCS5;TRAF3IP2;UGCG"
2,3,"M2",0.13017762217775,13,0,13,"DIMT1;TBK1;EXOSC1;MRM1;RAB1A;IRAK2;LATS2;MAPKAPK2;NFKBIA;PIAS3;SOCS5;UTP25;TNFAIP3"
2,4,"M2",0.169346983102356,9,0,9,"TBK1;EXOSC1;IRAK2;MAPKAPK2;NFKBIA;PRKCE;SURF6;SOCS5;TNFAIP3"
2,5,"M2",0.123648530015078,9,0,9,"DDX28;PTPN11;TBK1;EXOSC1;OTULIN;RRS1;SLC39A8;SOCS5;TNFAIP3"
3,1,"M2",0.0731705099983587,27,0,27,"ADCY10;DDX28;CTSK;ERAL1;TBK1;EXOSC1;FZD5;GAA;DDX3X;NIPSNAP3B;IL10;IL15;IL1RL2;IRAK2;NFKBIA;OTULIN;PIAS3;PRKCE;PTPRJ;RRS1;SLC39A8;SOCS5;TLR6;TNFAIP3;ZNF658;UGCG;ZDHHC9"
3,2,"M2",0.115426791472091,13,0,13,"DDX28;PTPN11;CTSK;TBK1;EXOSC1;MRM1;RB1CC1;NFKBIA;OTULIN;RRS1;SLC39A8;SOCS5;TNFAIP3"
3,3,"M2",0.126325356449424,11,0,11,"NLRC5;DIMT1;DIS3L;PTPN11;TBK1;EXOSC1;IRAK2;SOCS5;URB1;TNFAIP3;UGCG"
3,4,"M2",0.160752933391238,5,0,5,"TBK1;EXOSC1;HTRA2;SOCS5;TNFAIP3"
3,5,"M2",0.10186135209913,13,0,13,"DDX28;TBK1;EXOSC1;HTRA2;PIK3CA;RB1CC1;IL6ST;PIAS3;SLC39A8;SURF6;SOCS5;TNFAIP3;ZNF658"
4,1,"M2",0.106617235339196,14,0,14,"DDX28;TBK1;EXOSC1;FZD5;HTRA2;MRM1;RB1CC1;MAPKAPK2;NFKBIA;PIAS3;RRS1;SLC39A8;SOCS5;TNFAIP3"
4,2,"M2",0.0781274209679756,14,0,14,"GIGYF2;IFI27;TBK1;EXOSC1;FZD5;MRM1;IL1RL2;OTULIN;PIAS3;SLC39A8;SURF6;SOCS5;TLR6;ZNF658"
4,3,"M2",0.105739814660921,15,0,15,"ADCY10;DDX28;PTPN11;TBK1;EXOSC1;HTRA2;RAB1A;IL1RL2;OTULIN;REL;SLC39A8;SURF6;SOCS5;TNFAIP3;UGCG"
4,4,"M2",0.109315528354919,10,0,10,"DDX28;DIMT1;TBK1;EXOSC1;HTRA2;IRAK2;RRS1;SOCS5;TNFAIP3;ZNF658"
4,5,"M2",0.0470881985392603,33,0,33,"AIM2;DDX11;DDX28;NLRC5;CARD8;PTPN11;CCR3;EIF1AX;EXOC1;TBK1;EXOSC1;FZD5;GAA;LYPLA1;FLOT1;PAFAH1B2;MRM1;MTG1;NLE1;SPATA33;IL6ST;IRAK2;VMP1;LATS2;MAP2K6;RIOK2;RPP25;PIAS3;RRS1;SLC39A8;SOCS5;ZNF658;UGCG"
5,1,"M2",0.0465945919398367,38,0,38,"ABCA1;ADCY10;IFI27;DDX11;AKAP13;DDX28;ARG1;ATP6V1B2;BBS4;CHMP4A;CCR3;EIF1AX;EXOC1;TBK1;EXOSC1;FZD5;DDX3X;GAR1;HTRA2;ESR1;PAFAH1B2;MRM1;GBP2;GPATCH3;RB1CC1;SPATA33;SPTLC2;IL1RL2;LATS2;PIH1D1;MAP2K6;OTULIN;PIAS3;RRS1;SLC39A8;SURF6;SOCS5;TRAF3IP2"
5,2,"M2",0.134942264815806,9,0,9,"TBK1;EXOSC1;IL15;IRAK2;MAPKAPK2;NFKBIA;SOCS5;TNFAIP3;UGCG"
5,3,"M2",0.120319769273372,13,0,13,"DDX28;TBK1;EXOSC1;PIK3CA;RB1CC1;RRP1;RRP1B;REL;RRS1;SURF6;SOCS5;TNFAIP3;UGCG"
5,4,"M2",0.0586657424234703,25,0,25,"ADCY10;AKAP13;DDX28;ARG1;PTPN11;CTSK;EIF1AX;ERAL1;EXOSC1;FZD5;GAA;DDX3X;HTRA2;RB1CC1;UBE2A;UVRAG;RPL14;OTULIN;PIAS3;PRKCE;RRS1;SLC39A8;TNFAIP3;ZNF658;UGCG"
5,5,"M2",0.0800228444637532,19,0,19,"ADCY10;DDX28;DIMT1;PTPN11;TBK1;EXOSC1;FZD5;HTRA2;MRM1;SPATA33;RPP25;OTULIN;PIAS3;RRS1;SLC39A8;SURF6;SOCS5;TNFAIP3;ZNF658"
6,1,"M2",0.0926046176652475,18,0,18,"IFI27;DDX28;IRF7;PTPN11;TBK1;EXOSC1;FZD5;TRIM6;MRM1;RAB1A;RB1CC1;IL1RL2;IRAK2;NFKBIA;RRS1;SLC39A8;TNFAIP3;ZNF658"
6,2,"M2",0.0661679829453016,16,0,16,"DDX11;DDX28;TBK1;EXOSC1;FZD5;GPATCH3;SPATA33;LATS2;PIH1D1;RPP25;OTULIN;PIAS3;RRS1;SLC39A8;SOCS5;SUV39H1"
6,3,"M2",0.0815146067078138,21,0,21,"DDX28;ATP6V1B2;IRF7;TBK1;EXOSC1;FZD5;DDX3X;HTRA2;RB1CC1;IL1RL2;VPS13D;RPP25;OTULIN;PIAS3;PRKCE;SLC39A8;SURF6;SOCS5;TLR6;TNFAIP3;UGCG"
6,4,"M2",0.0934921495847408,15,0,15,"DDX28;ATP6V1C1;PTPN11;ERAL1;TBK1;EXOSC1;FZD5;IRAK2;MAPKAPK2;NFKBIA;REL;RRS1;SLC39A8;SURF6;SOCS5"
6,5,"M2",0.0829725404629626,21,0,21,"ADCY10;DDX28;ATP6V1B2;PTPN11;ERAL1;TBK1;EXOSC1;FZD5;HTRA2;PAFAH1B2;MRM1;RPP25;OTULIN;RRS1;SLC39A8;SURF6;SOCS5;SUV39H1;TLR6;TNFAIP3;UGCG"
7,1,"M2",0.0476449734558774,35,0,35,"ADCY10;DDX11;DDX28;ARG1;IFNAR2;ATP6V1B2;IRF7;NLRC5;EXOC1;TBK1;EXOSC1;HTRA2;GBP2;MTG1;IL10;IL15;SPATA33;IL1RL2;IRAK2;VMP1;VPS13D;RPL14;RPP25;OTULIN;PIAS3;PUM2;RRS1;SLC39A8;SURF6;SOCS5;TLR8;TNFAIP3;ZNF658;TRIM22;UGCG"
7,2,"M2",0.0955359311751797,16,0,16,"DDX28;CTSK;TBK1;EXOSC1;HTRA2;F2RL1;RB1CC1;NFKBIA;RPP25;OTULIN;PIAS3;PRKCE;RRS1;SLC39A8;SOCS5;TNFAIP3"
7,3,"M2",0.0949438298259822,14,0,14,"IFITM1;IRF7;PTPN11;TBK1;EXOSC1;FZD5;MRM1;RAB1A;IRAK2;OTULIN;SURF6;SOCS5;TNFAIP3;ZNF658"
7,4,"M2",0.134537379534619,10,0,10,"DDX28;PTPN11;TBK1;EXOSC1;MRM1;RB1CC1;MAPKAPK2;RRS1;SOCS5;TNFAIP3"
7,5,"M2",0.25925773072488,0,0,0,""
8,1,"M2",0.108906235154426,13,0,13,"DDX28;PTPN11;TBK1;FZD5;HTRA2;IL6ST;RPP25;RRP1;REL;RRS1;SLC39A8;SOCS5;UGCG"
8,2,"M2",0.109717933032771,14,0,14,"NLRC5;TBK1;EXOSC1;FZD5;IRAK2;OTULIN;PIAS3;PRKCE;SLC39A8;SURF6;SOCS5;UTP6;TNFAIP3;TRIM22"
8,3,"M2",0.138213867838415,9,0,9,"DDX28;TBK1;EXOSC1;HTRA2;RB1CC1;RRS1;SOCS5;TNFAIP3;ZNF658"
8,4,"M2",0.152528882569236,7,0,7,"TBK1;EXOSC1;IRAK2;MAPKAPK2;NFKBIA;SURF6;SOCS5"
8,5,"M2",0.142045878824435,8,0,8,"TBK1;EXOSC1;MRM1;RB1CC1;NFKBIA;RRS1;SOCS5;TNFAIP3"
9,1,"M2",0.171785010435414,7,0,7,"DDX28;TBK1;EXOSC1;RB1CC1;MAPKAPK2;SURF6;SOCS5"
9,2,"M2",0.0578541828294774,31,0,31,"GIGYF2;IFI27;DDX28;NLRC5;CARD8;PTPN11;CTSK;EPG5;EXOC1;TBK1;EXOSC1;FZD5;NIPSNAP3B;F2RL1;PIK3CA;GPATCH3;MTERF4;IRAK2;UVRAG;LATS2;NFKBIA;RPL26;OTULIN;PRKCE;RRS1;SLC39A8;SMAD4;SOCS5;TLR6;ZNF658;UGCG"
9,3,"M2",0.132998177254833,12,0,12,"DDX28;DIMT1;TBK1;EXOSC1;RB1CC1;IRAK2;MAPKAPK2;NFKBIA;RRS1;SOCS5;TNFAIP3;ZNF658"
9,4,"M2",0.170294531189281,8,0,8,"TBK1;EXOSC1;HTRA2;MRM1;RB1CC1;UBE2A;SOCS5;TNFAIP3"
9,5,"M2",0.123307960500086,10,0,10,"DDX28;TBK1;EXOSC1;MRM1;RAB1A;RB1CC1;REL;SLC39A8;SOCS5;TNFAIP3"
10,1,"M2",0.269393805249813,0,0,0,""
10,2,"M2",0.0809019917359022,20,0,20,"ADCY10;IFI27;DDX28;DIMT1;CLVS1;CCR3;TBK1;EXOSC1;FZD5;RAB1A;IRAK2;PIAS3;RRP1;RRS1;SLC39A8;SURF6;SOCS5;ZNF658;TRIM22;UGCG"
10,3,"M2",0.157245355824628,8,0,8,"DDX28;TBK1;EXOSC1;RB1CC1;MAPKAPK2;NFKBIA;SURF6;TNFAIP3"
10,4,"M2",0.0532662075626218,29,0,29,"ADCY10;IRAK1;CARD8;EIF1AX;ERAL1;TBK1;EXOSC1;FZD5;HTRA2;ESR1;MRM1;MTERF4;IL15;SPATA33;IRAK2;UBE2A;UVRAG;VMP1;VPS13D;NFKBIA;OTULIN;PRKCE;RRS1;SLC39A8;SOCS5;SUV39H1;TLR8;ZNF658;UGCG"
10,5,"M2",0.0571893175060496,31,0,31,"IFI27;DDX11;DDX28;PTPN11;CCR3;CTSK;ERAL1;TBK1;EXOSC1;FZD5;DDX3X;LIX1;F2RL1;RB1CC1;SPATA33;IL1RL2;UBE2A;VPS13D;PIH1D1;NFKB1;RPL14;RPP25;NUMBL;OTULIN;PIAS3;SLC39A8;SURF6;SOCS5;TIFA;TLR6;TRAF3IP2"
11,1,"M2",0.166220918974939,9,0,9,"DIMT1;TBK1;EXOSC1;MRM1;IL1RL2;MAPKAPK2;NFKBIA;SOCS5;TNFAIP3"
11,2,"M2",0.141165307552175,8,0,8,"TBK1;EXOSC1;MRM1;RB1CC1;NFKBIA;OTULIN;TNFAIP3;ZNF658"
11,3,"M2",0.0958950388697378,15,0,15,"DDX28;ATP6V1C1;ERAL1;TBK1;EXOSC1;FZD5;IL15;IRAK2;NFKBIA;NSMAF;PIAS3;SLC39A8;SURF6;SOCS5;TNFAIP3"
11,4,"M2",0.094112147168397,15,0,15,"DDX28;IRF7;CLVS1;EPG5;TBK1;EXOSC1;HTRA2;RAB1A;IRAK2;PIAS3;RRP1;RRS1;SLC39A8;SOCS5;TNFAIP3"
11,5,"M2",0.131846900697491,8,0,8,"DDX28;PTPN11;TBK1;EXOSC1;FZD5;HTRA2;SURF6;SOCS5"
12,1,"M2",0.0960476729071526,14,0,14,"DDX28;ERAL1;TBK1;EXOSC1;FZD5;DDX3X;HTRA2;RAB1A;IRAK2;RFFL;RRS1;SOCS5;TNFAIP3;ZNF658"
12,2,"M2",0.136162160889009,11,0,11,"DDX28;TBK1;EXOSC1;PIK3CA;RB1CC1;IL6ST;UBE2A;NFKBIA;REL;SOCS5;TNFAIP3"
12,3,"M2",0.113424162554664,10,0,10,"TBK1;EXOSC1;HTRA2;MRM1;UBE2A;PIAS3;RRS1;SLC39A8;SOCS5;TNFAIP3"
12,4,"M2",0.0731262279291533,23,0,23,"ADCY10;DDX28;NLRC5;ERAL1;TBK1;EXOSC1;FZD5;HTRA2;MTERF4;SPATA33;IL1RL2;VPS13D;PIH1D1;NFKBIA;RPP25;OTULIN;PIAS3;SLC39A8;SOCS5;TLR6;TNFAIP3;TRAF3IP2;UGCG"
12,5,"M2",0.0957639514076912,17,0,17,"PTPN11;CTSK;TBK1;EXOSC1;MRM1;IL1RL2;IRAK2;NFKBIA;RPP25;OTULIN;PRKCE;RRS1;SLC39A8;SOCS5;UTP6;TNFAIP3;ZNF658"
13,1,"M2",0.0763820890480132,21,0,21,"ADCY10;DDX28;PTPN11;TBK1;EXOSC1;FZD5;DDX3X;HTRA2;IL15;IRAK2;UBE2A;UVRAG;VMP1;OTULIN;RRP1;SLC39A8;SOCS5;SUV39H1;TLR6;TNFAIP3;UGCG"
13,2,"M2",0.0973093290004035,15,0,15,"DDX28;TBK1;EXOSC1;HTRA2;PIK3CA;RB1CC1;SPATA33;IL6ST;OTULIN;PIAS3;RRS1;SLC39A8;SURF6;SOCS5;TNFAIP3"
13,3,"M2",0.152652534306622,7,0,7,"TBK1;EXOSC1;RB1CC1;IL1RL2;NFKBIA;SURF6;SOCS5"
13,4,"M2",0.107974185973232,13,0,13,"DDX28;NLRC5;PTPN11;TBK1;EXOSC1;FZD5;HTRA2;IRAK2;PIAS3;RRS1;SOCS5;TNFAIP3;ZNF658"
13,5,"M2",0.104125016466825,17,0,17,"NLRC5;DIMT1;EPG5;TBK1;EXOSC1;FZD5;MRM1;IRAK2;LATS2;MAPKAPK2;NFKBIA;PIAS3;PRKCE;SLC39A8;SOCS5;TNFAIP3;TRIM22"
14,1,"M2",0.15231947322425,9,0,9,"TBK1;EXOSC1;MRM1;IRAK2;RIOK2;NFKBIA;SOCS5;UTP6;TNFAIP3"
14,2,"M2",0.110896238100753,11,0,11,"DDX28;PTPN11;TBK1;EXOSC1;HTRA2;OTULIN;PIAS3;RRS1;SLC39A8;SOCS5;UGCG"
14,3,"M2",0.105641387172458,11,0,11,"ERAL1;TBK1;EXOSC1;FZD5;RB1CC1;IL6ST;IRAK2;NFKBIA;SURF6;TNFAIP3;ZNF658"
14,4,"M2",0.0892379010238497,20,0,20,"IFI27;DDX28;IRF7;PTPN11;CLVS1;TBK1;EXOSC1;FZD5;DDX3X;MRM1;GBP2;RAB1A;RB1CC1;IL10;IL1RL2;IRAK2;SLC39A8;SURF6;SOCS5;TNFAIP3"
14,5,"M2",0.0746272637309502,20,0,20,"ADCY10;IFI27;DDX28;ATP6V1B2;DIMT1;TBK1;EXOSC1;FZD5;RB1CC1;PIH1D1;RPP25;OTULIN;PIAS3;PTPRJ;RRS1;SLC39A8;SURF6;SOCS5;TLR6;TNFAIP3"
15,1,"M2",0.0909111719528471,20,0,20,"ABCA1;IFI27;DDX28;ERAL1;TBK1;EXOSC1;FZD5;MRM1;RAB1A;RB1CC1;IRAK2;OTULIN;PIAS3;RFFL;RRS1;SLC39A8;SURF6;SOCS5;TNFAIP3;UGCG"
15,2,"M2",0.038596572094661,43,0,43,"GIGYF2;AIM2;DDX11;DDX28;ATP6V1B2;NLRC5;DIS3L;CLN5;PTPN11;CCR3;CTSK;EIF1AX;EXOC1;TBK1;EXOSC1;FZD5;F2RL1;FLOT1;PAFAH1B2;MRM1;MTG1;RB1CC1;SNAP29;SPATA33;SPTLC2;IRAK2;UBE2A;LATS2;PIH1D1;RPP25;RPS5;RPS8;RRS1;SLC39A8;SMAD4;SOCS5;URB1;TLR6;TLR8;TNFAIP3;ZNF658;UGCG;UNC5CL"
15,3,"M2",0.111294792287271,12,0,12,"DDX28;PTPN11;TBK1;EXOSC1;FZD5;HTRA2;RPP25;OTULIN;PIAS3;REL;RRS1;TNFAIP3"
15,4,"M2",0.130992327035065,11,0,11,"DDX28;TBK1;EXOSC1;HTRA2;PIK3CA;RAB1A;RB1CC1;UBE2A;REL;SLC39A8;SOCS5"
15,5,"M2",0.103732240201959,12,0,12,"TBK1;EXOSC1;FZD5;RPP25;PIAS3;PRKCE;REL;SLC39A8;SURF6;SOCS5;TNFAIP3;ZNF658"
16,1,"M2",0.0516487132192715,31,0,31,"GIGYF2;DDX11;DDX28;ARG1;IFNAR2;BBS4;PTPN11;ERAL1;EXOC1;TBK1;EXOSC1;FZD5;GAA;HTRA2;IRAK2;LATS2;VPS13D;PIH1D1;RPP25;OTULIN;PIAS3;PPM1B;RRS1;SLC39A8;SURF6;SOCS5;TLR6;TLR8;TNFAIP3;ZNF658;UGCG"
16,2,"M2",0.127588114294261,13,0,13,"DDX28;DIMT1;TBK1;EXOSC1;MRM1;RAB1A;NLE1;IRAK2;RRS1;SURF6;SOCS5;URB1;TNFAIP3"
16,3,"M2",0.074980040533443,21,0,21,"ADCY10;DDX28;CARD8;PTPN11;CTSK;TBK1;EXOSC1;FZD5;HTRA2;F2RL1;IRAK2;NFKBIA;OTULIN;PRKCE;PTPRJ;REL;SURF6;SOCS5;TNFAIP3;ZNF658;ZDHHC9"
16,4,"M2",0.0366579205452939,41,0,41,"ADCY10;GIGYF2;DDX28;ATP6V1C1;NLRC5;CARD8;DIMT1;PTPN11;CCR3;EXOSC1;FZD5;DDX3X;GAR1;HTRA2;DICER1;LYPLA1;MAK16;FLOT1;PAFAH1B2;MRM1;GPATCH3;RB1CC1;NAF1;IKBKB;NHP2;IL15;SPATA33;SPTLC2;IL1RL2;IRAK2;VMP1;PIH1D1;RPL14;NUMBL;OTULIN;PIAS3;RRS1;SLC39A8;SOCS5;USP36;TRIM22"
16,5,"M2",0.132349464007184,9,0,9,"TBK1;EXOSC1;UBE2A;MAPKAPK2;NFKBIA;REL;RRS1;SLC39A8;TNFAIP3"
17,1,"M2",0.0802009709042916,18,0,18,"DDX28;IRF7;ERAL1;TBK1;EXOSC1;FZD5;HTRA2;IRAK2;PIH1D1;NFKBIA;OTULIN;PIAS3;PRKCE;PTPRJ;SURF6;SOCS5;UGCG;ZDHHC9"
17,2,"M2",0.141867560829136,10,0,10,"TBK1;EXOSC1;FZD5;HTRA2;RB1CC1;REL;RRS1;SLC39A8;SOCS5;TNFAIP3"
17,3,"M2",0.119910232567252,12,0,12,"TBK1;EXOSC1;MRM1;RB1CC1;IRAK2;NFKBIA;RPP25;RRP1;RRS1;SLC39A8;SOCS5;TNFAIP3"
17,4,"M2",0.100235174901453,16,0,16,"IFI27;DDX28;ATP6V1C1;CCR3;ERAL1;TBK1;EXOSC1;RAB1A;RB1CC1;IRAK2;RFFL;SLC39A8;SURF6;SOCS5;TNFAIP3;ZNF658"
17,5,"M2",0.108342340472095,15,0,15,"DDX28;PTPN11;TBK1;EXOSC1;MRM1;IRAK2;MAPKAPK2;NFKBIA;RPP25;OTULIN;PIAS3;REL;RRS1;URB1;TNFAIP3"
18,1,"M2",0.149644424932057,9,0,9,"TBK1;EXOSC1;RB1CC1;UBE2A;NFKBIA;REL;SOCS5;TNFAIP3;ZNF658"
18,2,"M2",0.155280709243074,9,0,9,"DDX28;TBK1;EXOSC1;FZD5;HTRA2;RB1CC1;NFKBIA;SOCS5;TNFAIP3"
18,3,"M2",0.14764879659036,9,0,9,"TBK1;EXOSC1;MRM1;IRAK2;PRKCE;RRP1B;RRS1;SOCS5;TNFAIP3"
18,4,"M2",0.0674963927417711,23,0,23,"DDX11;DDX28;ATP6V1B2;IFNK;IRAK1;NLRC5;CHMP4A;PTPN11;EXOC1;TBK1;EXOSC1;PAFAH1B2;RB1CC1;IL15;SPATA33;IL1RL2;IRAK2;RPP25;PIAS3;SLC39A8;SOCS5;TLR6;TNFAIP3"
18,5,"M2",0.116746327547748,11,0,11,"DDX28;TBK1;EXOSC1;RB1CC1;IRAK2;PIAS3;RRS1;SURF6;SOCS5;TNFAIP3;ZNF658"
19,1,"M2",0.122403559886918,11,0,11,"TBK1;EXOSC1;DDX3X;HTRA2;RAB1A;IRAK2;MIER1;OTULIN;PRKCE;SOCS5;TNFAIP3"
19,2,"M2",0.0838226512682963,18,0,18,"ADCY10;DDX28;NLRC5;ERAL1;TBK1;EXOSC1;FZD5;HTRA2;RB1CC1;SPATA33;OTULIN;PIAS3;RRS1;SLC39A8;SOCS5;TNFAIP3;ZNF658;UGCG"
19,3,"M2",0.0943305126732151,16,0,16,"DDX28;DIMT1;CLN5;TBK1;EXOSC1;FZD5;RB1CC1;IRAK2;LATS2;NFKBIA;OTULIN;RRS1;SURF6;SOCS5;TNFAIP3;ZNF658"
19,4,"M2",0.149177623377052,8,0,8,"DDX28;TBK1;EXOSC1;RB1CC1;NFKBIA;REL;SURF6;SOCS5"
19,5,"M2",0.159467942948967,10,0,10,"DIMT1;DIS3L;TBK1;EXOSC1;MRM1;RB1CC1;REL;RRS1;SOCS5;TNFAIP3"
20,1,"M2",0.107088031774645,16,0,16,"TBK1;EXOSC1;FZD5;PIK3CA;MRM1;RB1CC1;IRAK2;UBE2A;RPP25;OTULIN;PRKCE;SLC39A8;SURF6;SOCS5;TNFAIP3;UGCG"
20,2,"M2",0.097692807770299,11,0,11,"DDX28;TBK1;EXOSC1;FZD5;NFKBIA;OTULIN;PIAS3;SLC39A8;SURF6;SOCS5;TLR6"
20,3,"M2",0.153155857068441,10,0,10,"EPG5;TBK1;EXOSC1;HTRA2;MAPKAPK2;RRS1;SURF6;SOCS5;TNFAIP3;TRIM22"
20,4,"M2",0.0690156164058187,22,0,22,"ADCY10;DDX28;PTPN11;ERAL1;TBK1;EXOSC1;FZD5;GAA;RAB1A;IL15;IRAK2;PIH1D1;RPP25;OTULIN;PIAS3;PTPRJ;RRS1;SLC39A8;SURF6;SOCS5;TLR6;TNFAIP3"
20,5,"M2",0.1154121314718,14,0,14,"DDX28;TBK1;EXOSC1;FZD5;MRM1;MTERF4;RB1CC1;LATS2;NFKBIA;RFFL;RRS1;SLC39A8;SOCS5;TNFAIP3"
1,1,"M3",0.0685379145713698,28,1,27,"EPB42;DDX28;IRF7;NLRC5;ERAL1;TBK1;EXOSC1;EXOSC9;FZD5;HTRA2;MRM1;IL10;IL15;SPATA33;IRAK2;UBE2A;OTULIN;PIAS3;RRS1;SLC39A8;SURF6;SOCS5;SUV39H1;TLR6;TLR8;ZNF658;TRAF3IP2;UGCG"
1,2,"M3",0.176031485097934,6,1,5,"GADD45A;TBK1;MRM1;NFKBIA;SOCS5;TNFAIP3"
1,3,"M3",0.0998043155027682,15,2,13,"GADD45A;UBE2H;DDX28;PTPN11;TBK1;EXOSC1;FZD5;OTULIN;PIAS3;PRKCE;SLC39A8;SURF6;SOCS5;TNFAIP3;ZNF658"
1,4,"M3",0.133525341083283,8,0,8,"TBK1;EXOSC1;RAB1A;NFKBIA;RRS1;SURF6;SOCS5;TNFAIP3"
1,5,"M3",0.118686878571703,13,1,12,"UBE2H;PTPN11;EPG5;TBK1;EXOSC1;FZD5;RB1CC1;IRAK2;MAPKAPK2;OTULIN;RRS1;SOCS5;TNFAIP3"
2,1,"M3",0.11764745439931,10,0,10,"TBK1;EXOSC1;RB1CC1;UBE2A;NFKBIA;REL;SLC39A8;SOCS5;TNFAIP3;UGCG"
2,2,"M3",0.0425194260307498,32,3,29,"EPB42;UBE2H;METTL9;ADCY10;GIGYF2;DDX28;CCR3;CTSK;ERAL1;TBK1;FZD5;HTRA2;PAFAH1B2;MRM1;GBP2;SPATA33;SPTLC2;IL6ST;IRAK2;VPS13D;PIH1D1;MAP2K6;RPP25;OTULIN;PIAS3;RRS1;SLC39A8;SURF6;SOCS5;SUV39H1;TRAF3IP2;UGCG"
2,3,"M3",0.12427630687558,11,1,10,"GADD45A;TBK1;EXOSC1;MRM1;RAB1A;IRAK2;MAPKAPK2;NFKBIA;PIAS3;SOCS5;TNFAIP3"
2,4,"M3",0.169368050527167,9,0,9,"TBK1;EXOSC1;IRAK2;MAPKAPK2;NFKBIA;PRKCE;SURF6;SOCS5;TNFAIP3"
2,5,"M3",0.123663912374192,9,0,9,"DDX28;PTPN11;TBK1;EXOSC1;OTULIN;RRS1;SLC39A8;SOCS5;TNFAIP3"
3,1,"M3",0.0666785375946589,29,2,27,"GADD45A;EPB42;DDX28;CLN5;CTSK;TBK1;EXOSC1;FZD5;GAA;DDX3X;NIPSNAP3B;IL10;IL15;IL1RL2;IRAK2;LATS2;NFKBIA;OTULIN;PIAS3;PRKCE;PTPRJ;RRS1;SLC39A8;SOCS5;TLR6;TNFAIP3;ZNF658;UGCG;ZDHHC9"
3,2,"M3",0.110194172536522,14,2,12,"GADD45A;UBE2H;DDX28;PTPN11;CTSK;TBK1;EXOSC1;MRM1;RB1CC1;NFKBIA;OTULIN;SLC39A8;SOCS5;TNFAIP3"
3,3,"M3",0.126341071816181,12,1,11,"GADD45A;NLRC5;DIMT1;DIS3L;PTPN11;TBK1;EXOSC1;IRAK2;SOCS5;URB1;TNFAIP3;UGCG"
3,4,"M3",0.160772931682765,5,0,5,"TBK1;EXOSC1;HTRA2;SOCS5;TNFAIP3"
3,5,"M3",0.101874024048385,14,1,13,"GADD45A;DDX28;TBK1;EXOSC1;HTRA2;PIK3CA;RB1CC1;IL6ST;PIAS3;SLC39A8;SURF6;SOCS5;TNFAIP3;ZNF658"
4,1,"M3",0.0769958468372695,21,3,18,"GADD45A;EPB42;UBE2H;DDX28;ATP6V1B2;TBK1;EXOSC1;HTRA2;MRM1;RB1CC1;IL15;IRAK2;UBE2A;UVRAG;OTULIN;PIAS3;RRS1;SLC39A8;SOCS5;TNFAIP3;TRAF3IP2"
4,2,"M3",0.0781371403236838,16,2,14,"GADD45A;EPB42;GIGYF2;IFI27;TBK1;EXOSC1;FZD5;MRM1;IL1RL2;OTULIN;PIAS3;SLC39A8;SURF6;SOCS5;TLR6;ZNF658"
4,3,"M3",0.105752969106038,14,1,13,"GADD45A;ADCY10;DDX28;PTPN11;TBK1;EXOSC1;HTRA2;RAB1A;OTULIN;REL;SLC39A8;SURF6;SOCS5;TNFAIP3"
4,4,"M3",0.104359950050033,11,0,11,"DDX28;DIMT1;TBK1;EXOSC1;HTRA2;IRAK2;PIAS3;RRS1;SOCS5;TNFAIP3;ZNF658"
4,5,"M3",0.0470940564947079,35,2,33,"GADD45A;EPB42;AIM2;DDX11;DDX28;NLRC5;CARD8;PTPN11;CCR3;EIF1AX;EXOC1;TBK1;EXOSC1;FZD5;GAA;LYPLA1;FLOT1;PAFAH1B2;MRM1;MTG1;NLE1;SPATA33;IL6ST;IRAK2;VMP1;LATS2;MAP2K6;RIOK2;RPP25;PIAS3;RRS1;SLC39A8;SOCS5;ZNF658;UGCG"
5,1,"M3",0.0488193010668794,34,1,33,"UBE2H;ABCA1;ADCY10;IFI27;DDX11;DDX28;ARG1;ATP6V1B2;BBS4;CHMP4A;EXOC1;TBK1;EXOSC1;GAR1;HTRA2;ESR1;PAFAH1B2;MRM1;GBP2;GPATCH3;RAB1A;RB1CC1;SPATA33;SPTLC2;IL1RL2;LATS2;PIH1D1;MAP2K6;OTULIN;PIAS3;RRS1;SLC39A8;SOCS5;TRAF3IP2"
5,2,"M3",0.128824954951445,10,1,9,"GADD45A;TBK1;EXOSC1;IL15;IRAK2;MAPKAPK2;NFKBIA;SOCS5;TNFAIP3;UGCG"
5,3,"M3",0.114865337984121,10,1,9,"GADD45A;DDX28;TBK1;EXOSC1;PIK3CA;RB1CC1;RRS1;SMAD4;SURF6;SOCS5"
5,4,"M3",0.0643935897036043,25,2,23,"GADD45A;EPB42;AKAP13;DDX28;ARG1;PTPN11;CTSK;EIF1AX;ERAL1;EXOSC1;FZD5;GAA;RB1CC1;UBE2A;UVRAG;RPL14;OTULIN;PIAS3;PRKCE;RRS1;SLC39A8;SURF6;SOCS5;TNFAIP3;ZNF658"
5,5,"M3",0.0800327996175326,21,2,19,"GADD45A;EPB42;ADCY10;DDX28;DIMT1;PTPN11;TBK1;EXOSC1;FZD5;HTRA2;MRM1;SPATA33;RPP25;OTULIN;PIAS3;RRS1;SLC39A8;SURF6;SOCS5;TNFAIP3;ZNF658"
6,1,"M3",0.0843883755978976,19,1,18,"EPB42;IFI27;DDX28;IRF7;PTPN11;CCR3;TBK1;EXOSC1;TRIM6;MRM1;RAB1A;RB1CC1;IL1RL2;IRAK2;NFKBIA;RRS1;SLC39A8;TNFAIP3;ZNF658"
6,2,"M3",0.0661762145003021,16,0,16,"DDX11;DDX28;TBK1;EXOSC1;FZD5;GPATCH3;SPATA33;LATS2;PIH1D1;RPP25;OTULIN;PIAS3;RRS1;SLC39A8;SOCS5;SUV39H1"
6,3,"M3",0.0854066096630996,17,2,15,"GADD45A;UBE2H;DDX28;IRF7;TBK1;EXOSC1;DDX3X;RB1CC1;IL1RL2;OTULIN;PIAS3;PRKCE;SLC39A8;SURF6;SOCS5;TLR6;TRAF3IP2"
6,4,"M3",0.0979560332637004,13,2,11,"GADD45A;UBE2H;ERAL1;TBK1;EXOSC1;FZD5;IRAK2;MAPKAPK2;REL;RRS1;SLC39A8;SURF6;SOCS5"
6,5,"M3",0.0756108937700189,20,2,18,"GADD45A;EPB42;ADCY10;DDX28;ATP6V1B2;TBK1;EXOSC1;HTRA2;PAFAH1B2;MRM1;UBE2A;RPP25;OTULIN;SLC39A8;SURF6;SOCS5;SUV39H1;TLR6;TNFAIP3;UGCG"
7,1,"M3",0.0476509006762949,36,1,35,"EPB42;ADCY10;DDX11;DDX28;ARG1;IFNAR2;ATP6V1B2;IRF7;NLRC5;EXOC1;TBK1;EXOSC1;HTRA2;GBP2;MTG1;IL10;IL15;SPATA33;IL1RL2;IRAK2;VMP1;VPS13D;RPL14;RPP25;OTULIN;PIAS3;PUM2;RRS1;SLC39A8;SURF6;SOCS5;TLR8;TNFAIP3;ZNF658;TRIM22;UGCG"
7,2,"M3",0.0955478162174159,16,1,15,"GADD45A;DDX28;CTSK;TBK1;EXOSC1;HTRA2;RB1CC1;NFKBIA;OTULIN;PIAS3;PRKCE;RRS1;SLC39A8;SOCS5;TNFAIP3;TRAF3IP2"
7,3,"M3",0.0906397607669109,16,3,13,"GADD45A;EPB42;UBE2H;IFITM1;IRF7;TBK1;EXOSC1;FZD5;MRM1;RAB1A;IRAK2;OTULIN;SURF6;SOCS5;TNFAIP3;ZNF658"
7,4,"M3",0.128438424251218,14,2,12,"GADD45A;UBE2H;IFI27;DDX28;PTPN11;TBK1;EXOSC1;MRM1;RB1CC1;UBE2A;MAPKAPK2;RRS1;SOCS5;TNFAIP3"
7,5,"M3",0.259289983397166,0,0,0,""
8,1,"M3",0.114106081000329,13,1,12,"GADD45A;DDX28;PTPN11;TBK1;FZD5;IL6ST;RPP25;RRP1;REL;RRS1;SLC39A8;SOCS5;UGCG"
8,2,"M3",0.104744112599604,15,2,13,"GADD45A;UBE2H;NLRC5;TBK1;EXOSC1;FZD5;IRAK2;OTULIN;PIAS3;PRKCE;SLC39A8;SURF6;SOCS5;TNFAIP3;TRIM22"
8,3,"M3",0.13823106218233,10,1,9,"GADD45A;DDX28;TBK1;EXOSC1;HTRA2;RB1CC1;RRS1;SOCS5;TNFAIP3;ZNF658"
8,4,"M3",0.145614322188807,8,1,7,"GADD45A;TBK1;EXOSC1;IRAK2;MAPKAPK2;NFKBIA;SURF6;SOCS5"
8,5,"M3",0.142063549885454,8,0,8,"TBK1;EXOSC1;MRM1;RB1CC1;NFKBIA;RRS1;SOCS5;TNFAIP3"
9,1,"M3",0.171806381160329,8,1,7,"UBE2H;DDX28;TBK1;EXOSC1;RB1CC1;MAPKAPK2;SURF6;SOCS5"
9,2,"M3",0.121792658811957,14,2,12,"GADD45A;UBE2H;CTSK;EPG5;TBK1;EXOSC1;FZD5;IRAK2;LATS2;MAPKAPK2;NFKBIA;PRKCE;RRS1;SOCS5"
9,3,"M3",0.133014722746509,12,0,12,"DDX28;DIMT1;TBK1;EXOSC1;RB1CC1;IRAK2;MAPKAPK2;NFKBIA;RRS1;SOCS5;TNFAIP3;ZNF658"
9,4,"M3",0.170315716492767,8,0,8,"TBK1;EXOSC1;HTRA2;MRM1;RB1CC1;UBE2A;SOCS5;TNFAIP3"
9,5,"M3",0.112367598368661,10,1,9,"GADD45A;DDX28;TBK1;EXOSC1;RAB1A;REL;SLC39A8;SURF6;SOCS5;TNFAIP3"
10,1,"M3",0.26942731888928,0,0,0,""
10,2,"M3",0.0671746105799288,22,2,20,"GADD45A;EPB42;ADCY10;DDX28;NLRC5;DIMT1;CLVS1;CCR3;TBK1;EXOSC1;FAS;RAB1A;IRAK2;PIAS3;RRP1;PTPRJ;RRS1;SLC39A8;SOCS5;TRAF3IP2;TRIM22;UGCG"
10,3,"M3",0.157264917759834,8,0,8,"DDX28;TBK1;EXOSC1;RB1CC1;MAPKAPK2;NFKBIA;SURF6;TNFAIP3"
10,4,"M3",0.0532728340864737,30,2,28,"GADD45A;EPB42;ADCY10;IRAK1;CARD8;EIF1AX;ERAL1;TBK1;EXOSC1;FZD5;HTRA2;ESR1;MRM1;MTERF4;IL15;SPATA33;IRAK2;UBE2A;UVRAG;VMP1;VPS13D;NFKBIA;OTULIN;PRKCE;RRS1;SLC39A8;SOCS5;SUV39H1;TLR8;ZNF658"
10,5,"M3",0.0571964320800706,32,1,31,"GADD45A;IFI27;DDX11;DDX28;PTPN11;CCR3;CTSK;ERAL1;TBK1;EXOSC1;FZD5;DDX3X;LIX1;F2RL1;RB1CC1;SPATA33;IL1RL2;UBE2A;VPS13D;PIH1D1;NFKB1;RPL14;RPP25;NUMBL;OTULIN;PIAS3;SLC39A8;SURF6;SOCS5;TIFA;TLR6;TRAF3IP2"
11,1,"M3",0.158685660331574,12,1,11,"GADD45A;DIMT1;TBK1;EXOSC1;MRM1;IL1RL2;MAPKAPK2;NFKBIA;PRKCE;SOCS5;TNFAIP3;ZNF658"
11,2,"M3",0.111885009275897,11,1,10,"GADD45A;TBK1;EXOSC1;MRM1;RB1CC1;NFKBIA;OTULIN;SLC39A8;SOCS5;TNFAIP3;ZNF658"
11,3,"M3",0.095906968586371,15,0,15,"DDX28;ATP6V1C1;ERAL1;TBK1;EXOSC1;FZD5;IL15;IRAK2;NFKBIA;NSMAF;PIAS3;SLC39A8;SURF6;SOCS5;TNFAIP3"
11,4,"M3",0.0898457806077403,17,2,15,"GADD45A;UBE2H;DDX28;IRF7;NLRC5;CLVS1;TBK1;EXOSC1;RAB1A;IRAK2;PIAS3;PRKCE;RRP1;RRS1;SLC39A8;SOCS5;TNFAIP3"
11,5,"M3",0.131863302965876,8,0,8,"DDX28;PTPN11;TBK1;EXOSC1;FZD5;HTRA2;SURF6;SOCS5"
12,1,"M3",0.0329529581595188,53,1,52,"EPB42;ADCY10;GIGYF2;ARL8B;IFIH1;DDX11;DDX28;IRAK1;OAS1;DIMT1;DIS3L;CCR3;CTSK;EIF1AX;ERAL1;EXOSC1;EXOSC9;FZD5;DDX3X;GAR1;DICER1;LYPLA1;MRM1;GBP2;GPATCH3;IL10;IL15;SPATA33;SPTLC1;SPTLC2;IL1RL2;TMEM165;IRAK2;IRAK4;UVRAG;VMP1;VPS13D;PNO1;MAP2K6;RPL14;PIAS3;RRP7A;RFFL;RRS1;SNU13;SLC39A8;SOCS5;WDR46;TLR8;ZNF658;TRAF3IP2;TRIM22;UGCG"
12,2,"M3",0.129989549727517,15,2,13,"GADD45A;UBE2H;DDX28;TBK1;EXOSC1;PIK3CA;RB1CC1;IL6ST;UBE2A;OTULIN;REL;SLC39A8;SURF6;SOCS5;TNFAIP3"
12,3,"M3",0.0986628247679159,14,1,13,"GADD45A;TBK1;EXOSC1;HTRA2;MRM1;IL15;UBE2A;OTULIN;PIAS3;RRS1;SLC39A8;SURF6;SOCS5;TNFAIP3"
12,4,"M3",0.153942848948908,6,1,5,"GADD45A;TBK1;EXOSC1;FZD5;NFKBIA;TNFAIP3"
12,5,"M3",0.0957758648165332,17,0,17,"PTPN11;CTSK;TBK1;EXOSC1;MRM1;IL1RL2;IRAK2;NFKBIA;RPP25;OTULIN;PRKCE;RRS1;SLC39A8;SOCS5;UTP6;TNFAIP3;ZNF658"
13,1,"M3",0.0729194755560008,23,2,21,"GADD45A;UBE2H;ADCY10;DDX28;PTPN11;TBK1;EXOSC1;FZD5;GAA;DDX3X;HTRA2;IL15;IRAK2;UBE2A;UVRAG;VMP1;OTULIN;RRP1;SLC39A8;SOCS5;SUV39H1;TLR6;TNFAIP3"
13,2,"M3",0.101955468034159,16,1,15,"GADD45A;DDX28;TBK1;EXOSC1;HTRA2;PIK3CA;RB1CC1;SPATA33;IL6ST;OTULIN;PIAS3;RRS1;SLC39A8;SURF6;SOCS5;TNFAIP3"
13,3,"M3",0.152671524876928,7,0,7,"TBK1;EXOSC1;RB1CC1;IL1RL2;NFKBIA;SURF6;SOCS5"
13,4,"M3",0.103079414465936,14,2,12,"EPB42;UBE2H;DDX28;NLRC5;TBK1;EXOSC1;FZD5;HTRA2;IRAK2;PIAS3;RRS1;SOCS5;TNFAIP3;ZNF658"
13,5,"M3",0.104137970024752,16,1,15,"GADD45A;DIMT1;EPG5;TBK1;EXOSC1;FZD5;MRM1;IRAK2;LATS2;NFKBIA;PIAS3;PRKCE;SLC39A8;SOCS5;TNFAIP3;TRIM22"
14,1,"M3",0.152338422360459,10,1,9,"GADD45A;TBK1;EXOSC1;MRM1;IRAK2;RIOK2;NFKBIA;SOCS5;UTP6;TNFAIP3"
14,2,"M3",0.146616537755475,6,0,6,"TBK1;EXOSC1;HTRA2;OTULIN;RRS1;SOCS5"
14,3,"M3",0.105654529372811,11,1,10,"GADD45A;ERAL1;TBK1;EXOSC1;RB1CC1;IL6ST;IRAK2;NFKBIA;SURF6;TNFAIP3;ZNF658"
14,4,"M3",0.0892490025665854,20,0,20,"IFI27;DDX28;IRF7;PTPN11;CLVS1;TBK1;EXOSC1;FZD5;DDX3X;MRM1;GBP2;RAB1A;RB1CC1;IL10;IL1RL2;IRAK2;SLC39A8;SURF6;SOCS5;TNFAIP3"
14,5,"M3",0.0680060424668668,22,3,19,"GADD45A;EPB42;UBE2H;ADCY10;IFI27;DDX28;ATP6V1B2;TBK1;EXOSC1;FZD5;PIH1D1;RPP25;OTULIN;PIAS3;PTPRJ;RRS1;SLC39A8;SURF6;SOCS5;TLR6;TNFAIP3;TRAF3IP2"
15,1,"M3",0.0952518240666118,20,1,19,"GADD45A;ABCA1;IFI27;DDX28;ERAL1;TBK1;EXOSC1;FZD5;MRM1;RAB1A;RB1CC1;IRAK2;PIAS3;RFFL;RRS1;SLC39A8;SURF6;SOCS5;TNFAIP3;UGCG"
15,2,"M3",0.0404394071241517,41,2,39,"EPB42;METTL9;GIGYF2;AIM2;DDX11;DDX28;ATP6V1B2;NLRC5;CLN5;PTPN11;CCR3;CTSK;EIF1AX;EXOC1;TBK1;EXOSC1;FZD5;FLOT1;PAFAH1B2;MRM1;MTG1;RB1CC1;SNAP29;SPATA33;SPTLC2;IRAK2;UBE2A;LATS2;PIH1D1;RPP25;RPS5;RPS8;SLC39A8;SMAD4;SOCS5;URB1;TLR6;TNFAIP3;ZNF658;UGCG;UNC5CL"
15,3,"M3",0.111308637793257,13,1,12,"UBE2H;DDX28;PTPN11;TBK1;EXOSC1;FZD5;HTRA2;RPP25;OTULIN;PIAS3;REL;RRS1;TNFAIP3"
15,4,"M3",0.125054078885599,11,1,10,"GADD45A;TBK1;EXOSC1;HTRA2;PIK3CA;RAB1A;RB1CC1;UBE2A;REL;SLC39A8;SOCS5"
15,5,"M3",0.0749123877885869,22,2,20,"GADD45A;EPB42;ADCY10;DDX28;ATP6V1B2;TBK1;EXOSC1;FZD5;HTRA2;UBE2A;UVRAG;RPP25;OTULIN;PIAS3;PRKCE;REL;SLC39A8;SURF6;SOCS5;TLR6;TNFAIP3;ZNF658"
16,1,"M3",0.0516551385205221,31,2,29,"GADD45A;EPB42;GIGYF2;DDX11;DDX28;IFNAR2;BBS4;PTPN11;ERAL1;EXOC1;TBK1;EXOSC1;FZD5;GAA;GAR1;HTRA2;IRAK2;LATS2;VPS13D;PIH1D1;RPP25;OTULIN;PIAS3;PPM1B;RRS1;SLC39A8;SURF6;SOCS5;TLR6;TLR8;ZNF658"
16,2,"M3",0.133679946641224,13,0,13,"DDX28;DIMT1;TBK1;EXOSC1;MRM1;RAB1A;NLE1;IRAK2;RRS1;SURF6;SOCS5;URB1;TNFAIP3"
16,3,"M3",0.0749893683427567,23,1,22,"NLRC4;ADCY10;DDX28;CARD8;PTPN11;CTSK;TBK1;EXOSC1;FZD5;HTRA2;F2RL1;IRAK2;NFKBIA;RPP25;OTULIN;PRKCE;PTPRJ;REL;SURF6;SOCS5;TNFAIP3;ZNF658;ZDHHC9"
16,4,"M3",0.0384081925622873,41,4,37,"GADD45A;EPB42;UBE2H;METTL9;ADCY10;GIGYF2;DDX28;NLRC5;CARD8;DIMT1;PTPN11;CCR3;EXOSC1;FZD5;DDX3X;GAR1;HTRA2;DICER1;LYPLA1;PAFAH1B2;MRM1;RB1CC1;NAF1;NHP2;IL15;SPATA33;SPTLC2;IL1RL2;IRAK2;UVRAG;VMP1;PIH1D1;RPL14;NUMBL;OTULIN;PIAS3;RRS1;SLC39A8;SOCS5;USP36;TRIM22"
16,5,"M3",0.132365928796403,9,0,9,"TBK1;EXOSC1;UBE2A;MAPKAPK2;NFKBIA;REL;RRS1;SLC39A8;TNFAIP3"
17,1,"M3",0.0697633922113665,23,2,21,"GADD45A;EPB42;GIGYF2;DDX11;DDX28;IFNAR2;IRF7;CTSK;ERAL1;TBK1;EXOSC1;FZD5;HTRA2;IRAK2;PIH1D1;NFKBIA;OTULIN;PIAS3;PRKCE;PTPRJ;SURF6;SOCS5;ZDHHC9"
17,2,"M3",0.141885209706701,10,0,10,"TBK1;EXOSC1;FZD5;HTRA2;RB1CC1;REL;RRS1;SLC39A8;SOCS5;TNFAIP3"
17,3,"M3",0.119925149867592,13,1,12,"GADD45A;TBK1;EXOSC1;MRM1;RB1CC1;IRAK2;NFKBIA;RPP25;RRP1;RRS1;SLC39A8;SOCS5;TNFAIP3"
17,4,"M3",0.100247644547926,16,2,14,"GADD45A;EPB42;IFI27;DDX28;CCR3;TBK1;EXOSC1;RAB1A;RB1CC1;IRAK2;RFFL;SLC39A8;SURF6;SOCS5;TNFAIP3;ZNF658"
17,5,"M3",0.074685462742129,21,3,18,"GADD45A;EPB42;UBE2H;DDX28;CHMP4A;PTPN11;TBK1;EXOSC1;MRM1;IL15;SPATA33;IRAK2;RPP25;OTULIN;PIAS3;REL;RRS1;SLC39A8;TLR6;TNFAIP3;ZNF658"
18,1,"M3",0.130169280883616,13,1,12,"GADD45A;TBK1;EXOSC1;FZD5;UBE2A;NFKBIA;OTULIN;REL;SLC39A8;SURF6;SOCS5;TNFAIP3;ZNF658"
18,2,"M3",0.153984425463145,8,2,6,"GADD45A;UBE2H;DDX28;TBK1;EXOSC1;HTRA2;SOCS5;TNFAIP3"
18,3,"M3",0.147667164676189,9,0,9,"TBK1;EXOSC1;MRM1;IRAK2;PRKCE;RRP1B;RRS1;SOCS5;TNFAIP3"
18,4,"M3",0.0675047895561284,24,1,23,"EPB42;DDX11;DDX28;ATP6V1B2;IFNK;IRAK1;NLRC5;CHMP4A;PTPN11;EXOC1;TBK1;EXOSC1;PAFAH1B2;RB1CC1;IL15;SPATA33;IL1RL2;IRAK2;RPP25;PIAS3;SLC39A8;SOCS5;TLR6;TNFAIP3"
18,5,"M3",0.116760851245971,11,0,11,"DDX28;TBK1;EXOSC1;RB1CC1;IRAK2;PIAS3;RRS1;SURF6;SOCS5;TNFAIP3;ZNF658"
19,1,"M3",0.10163422794141,16,1,15,"EPB42;TBK1;EXOSC1;DDX3X;HTRA2;RAB1A;IRAK2;UBE2A;MIER1;OTULIN;PIAS3;PRKCE;SLC39A8;SOCS5;TNFAIP3;TRIM22"
19,2,"M3",0.0838330791328538,18,1,17,"GADD45A;ADCY10;DDX28;NLRC5;ERAL1;TBK1;EXOSC1;FZD5;RB1CC1;SPATA33;OTULIN;PIAS3;RRS1;SLC39A8;SOCS5;TNFAIP3;ZNF658;UGCG"
19,3,"M3",0.0943422477566909,16,0,16,"DDX28;DIMT1;CLN5;TBK1;EXOSC1;FZD5;RB1CC1;IRAK2;LATS2;NFKBIA;OTULIN;RRS1;SURF6;SOCS5;TNFAIP3;ZNF658"
19,4,"M3",0.163742625182523,9,1,8,"GADD45A;DDX28;TBK1;EXOSC1;RB1CC1;NFKBIA;REL;SURF6;SOCS5"
19,5,"M3",0.152238815575252,8,1,7,"GADD45A;TBK1;EXOSC1;MRM1;REL;RRS1;SOCS5;TNFAIP3"
20,1,"M3",0.107101353943225,17,1,16,"GADD45A;TBK1;EXOSC1;FZD5;PIK3CA;MRM1;RB1CC1;IRAK2;UBE2A;RPP25;OTULIN;PRKCE;SLC39A8;SURF6;SOCS5;TNFAIP3;UGCG"
20,2,"M3",0.0977049611363911,13,2,11,"GADD45A;UBE2H;DDX28;TBK1;EXOSC1;FZD5;NFKBIA;OTULIN;PIAS3;SLC39A8;SURF6;SOCS5;TLR6"
20,3,"M3",0.0457019898260174,38,2,36,"GADD45A;EPB42;AIM2;IFITM1;DDX28;IRAK1;IRF7;NLRC5;CHMP4A;CCR3;CTSK;TBK1;EXOSC1;EXOSC9;GAA;DDX3X;GAR1;HTRA2;PAFAH1B2;SPATA33;IL1RL2;IRAK2;UBE2A;JAK2;VMP1;VPS13D;RPL14;OTULIN;PIAS3;PPM1B;PRKCE;RRS1;SLC39A8;SURF6;SOCS5;ZNF658;TRAF3IP2;TRIM22"
20,4,"M3",0.0757539767228731,18,2,16,"EPB42;UBE2H;ADCY10;DDX28;PTPN11;TBK1;EXOSC1;IRAK2;PIH1D1;OTULIN;PIAS3;PTPRJ;SLC39A8;SURF6;SOCS5;TLR6;TNFAIP3;ZDHHC9"
20,5,"M3",0.11542648919083,14,1,13,"GADD45A;DDX28;TBK1;EXOSC1;MRM1;MTERF4;RB1CC1;LATS2;NFKBIA;RFFL;RRS1;SLC39A8;SOCS5;TNFAIP3"
