Repeat,Contrast,New_model,Reference_model,DeltaAUC,DeltaBrier
1,M1 - M0,M1,M0,0.0277432712215326,-0.00704059674830942
2,M1 - M0,M1,M0,0.0311801242236026,-0.00766533156977439
3,M1 - M0,M1,M0,0.0356521739130436,-0.00998251758080246
4,M1 - M0,M1,M0,0.00894409937888219,-0.00385284855915852
5,M1 - M0,M1,M0,0.0604968944099384,-0.016022197563397
6,M1 - M0,M1,M0,0.0552795031055897,-0.0148937373484128
7,M1 - M0,M1,M0,0.071055900621118,-0.0171862980899849
8,M1 - M0,M1,M0,0.0357349896480329,-0.0086511722388242
9,M1 - M0,M1,M0,0.0417391304347826,-0.00862379071145147
10,M1 - M0,M1,M0,0.054948240165633,-0.00957956639452151
11,M1 - M0,M1,M0,0.058426501035197,-0.0133494288746121
12,M1 - M0,M1,M0,0.0660455486542438,-0.0176910816856134
13,M1 - M0,M1,M0,0.0201242236024848,0.0001388540029236
14,M1 - M0,M1,M0,0.0544927536231896,-0.011915078124228
15,M1 - M0,M1,M0,0.0323395445134571,-0.00647219137913474
16,M1 - M0,M1,M0,0.0205383022774331,-0.00451859652415956
17,M1 - M0,M1,M0,0.0695652173913048,-0.0170109624979358
18,M1 - M0,M1,M0,0.0560248447204971,-0.0161513488118082
19,M1 - M0,M1,M0,0.0525465838509315,-0.0085264201848266
20,M1 - M0,M1,M0,0.0535403726708075,-0.0112021951464847
1,M2 - M0,M2,M0,0.0482815734989649,-0.0108417520578394
2,M2 - M0,M2,M0,0.0624016563146996,-0.0125094944855795
3,M2 - M0,M2,M0,0.0605797101449277,-0.0135193350435674
4,M2 - M0,M2,M0,0.0364389233954454,-0.00652625261820361
5,M2 - M0,M2,M0,0.0387163561076597,-0.0103520422149049
6,M2 - M0,M2,M0,0.0365631469979295,-0.00948771987054062
7,M2 - M0,M2,M0,0.0532505175983443,-0.00758641632174803
8,M2 - M0,M2,M0,0.036231884057971,-0.00782219096531908
9,M2 - M0,M2,M0,0.0647619047619038,-0.0127189280611605
10,M2 - M0,M2,M0,0.00107660455486602,0.00323980596450416
11,M2 - M0,M2,M0,0.048819875776397,-0.00894479571156823
12,M2 - M0,M2,M0,0.0620703933747419,-0.0132963345368938
13,M2 - M0,M2,M0,0.0539958592132503,-0.0108886543202868
14,M2 - M0,M2,M0,0.0372670807453419,-0.0103955806061623
15,M2 - M0,M2,M0,0.0414906832298148,-0.00635361474899759
16,M2 - M0,M2,M0,0.0488612836438924,-0.0100984453477918
17,M2 - M0,M2,M0,0.0608695652173907,-0.0131924941177655
18,M2 - M0,M2,M0,0.0360662525879915,-0.00995453989604164
19,M2 - M0,M2,M0,0.069440993788819,-0.013827429625131
20,M2 - M0,M2,M0,0.0631469979296071,-0.0145590149777285
1,M3 - M0,M3,M0,0.050351966873706,-0.011441992901758
2,M3 - M0,M3,M0,0.0551966873705999,-0.0116637492722724
3,M3 - M0,M3,M0,0.0598343685300219,-0.0133986179935318
4,M3 - M0,M3,M0,0.0375983436853006,-0.00697443367319808
5,M3 - M0,M3,M0,0.0438509316770178,-0.011582569928733
6,M3 - M0,M3,M0,0.0322567287784673,-0.0081134192341562
7,M3 - M0,M3,M0,0.0531677018633542,-0.00754268299235777
8,M3 - M0,M3,M0,0.0349068322981371,-0.00813261102566878
9,M3 - M0,M3,M0,0.0731262939958587,-0.014607919721028
10,M3 - M0,M3,M0,-0.00198757763975088,0.00369912911029821
11,M3 - M0,M3,M0,0.0525465838509317,-0.0100944119387674
12,M3 - M0,M3,M0,0.0566873706004142,-0.0075478608175571
13,M3 - M0,M3,M0,0.0539130434782611,-0.0110605426436116
14,M3 - M0,M3,M0,0.0302277432712218,-0.00851582280418359
15,M3 - M0,M3,M0,0.0496894409937899,-0.00873642140741648
16,M3 - M0,M3,M0,0.0445548654244307,-0.00934031423109308
17,M3 - M0,M3,M0,0.0607039337474119,-0.0136451722778596
18,M3 - M0,M3,M0,0.0363975155279503,-0.0101320519546939
19,M3 - M0,M3,M0,0.0675362318840574,-0.0132069965496109
20,M3 - M0,M3,M0,0.0556107660455482,-0.0133370099904861
1,M2 - M1,M2,M1,0.0205383022774323,-0.00380115530952996
2,M2 - M1,M2,M1,0.031221532091097,-0.00484416291580511
3,M2 - M1,M2,M1,0.024927536231884,-0.00353681746276494
4,M2 - M1,M2,M1,0.0274948240165632,-0.00267340405904509
5,M2 - M1,M2,M1,-0.0217805383022788,0.00567015534849216
6,M2 - M1,M2,M1,-0.0187163561076602,0.00540601747787214
7,M2 - M1,M2,M1,-0.0178053830227737,0.00959988176823687
8,M2 - M1,M2,M1,0.000496894409938053,0.000828981273505114
9,M2 - M1,M2,M1,0.0230227743271212,-0.00409513734970901
10,M2 - M1,M2,M1,-0.053871635610767,0.0128193723590257
11,M2 - M1,M2,M1,-0.00960662525879996,0.00440463316304385
12,M2 - M1,M2,M1,-0.00397515527950199,0.00439474714871965
13,M2 - M1,M2,M1,0.0338716356107656,-0.0110275083232104
14,M2 - M1,M2,M1,-0.0172256728778477,0.00151949751806568
15,M2 - M1,M2,M1,0.00915113871635764,0.000118576630137146
16,M2 - M1,M2,M1,0.0283229813664593,-0.00557984882363219
17,M2 - M1,M2,M1,-0.0086956521739141,0.0038184683801703
18,M2 - M1,M2,M1,-0.0199585921325056,0.00619680891576654
19,M2 - M1,M2,M1,0.0168944099378875,-0.00530100944030437
20,M2 - M1,M2,M1,0.00960662525879963,-0.00335681983124375
1,M3 - M2,M3,M2,0.00207039337474113,-0.000600240843918604
2,M3 - M2,M3,M2,-0.00720496894409972,0.000845745213307103
3,M3 - M2,M3,M2,-0.000745341614905803,0.000120717050035551
4,M3 - M2,M3,M2,0.00115942028985516,-0.000448181054994473
5,M3 - M2,M3,M2,0.00513457556935815,-0.00123052771382809
6,M3 - M2,M3,M2,-0.0043064182194622,0.00137430063638441
7,M3 - M2,M3,M2,-8.28157349901382e-05,4.37333293902553e-05
8,M3 - M2,M3,M2,-0.00132505175983388,-0.000310420060349703
9,M3 - M2,M3,M2,0.00836438923395488,-0.00188899165986747
10,M3 - M2,M3,M2,-0.0030641821946169,0.000459323145794055
11,M3 - M2,M3,M2,0.00372670807453468,-0.0011496162271992
12,M3 - M2,M3,M2,-0.00538302277432767,0.00574847371933668
13,M3 - M2,M3,M2,-8.281573498925e-05,-0.000171888323324793
14,M3 - M2,M3,M2,-0.00703933747412011,0.00187975780197869
15,M3 - M2,M3,M2,0.00819875776397516,-0.00238280665841889
16,M3 - M2,M3,M2,-0.00430641821946176,0.000758131116698674
17,M3 - M2,M3,M2,-0.000165631469978833,-0.000452678160094061
18,M3 - M2,M3,M2,0.000331262939958887,-0.00017751205865224
19,M3 - M2,M3,M2,-0.00190476190476152,0.000620433075520038
20,M3 - M2,M3,M2,-0.00753623188405894,0.00122200498724234
1,M3 - M1,M3,M1,0.0226086956521734,-0.00440139615344856
2,M3 - M1,M3,M1,0.0240165631469973,-0.00399841770249801
3,M3 - M1,M3,M1,0.0241821946169782,-0.00341610041272938
4,M3 - M1,M3,M1,0.0286542443064184,-0.00312158511403957
5,M3 - M1,M3,M1,-0.0166459627329206,0.00443962763466407
6,M3 - M1,M3,M1,-0.0230227743271224,0.00678031811425656
7,M3 - M1,M3,M1,-0.0178881987577638,0.00964361509762712
8,M3 - M1,M3,M1,-0.000828157349895831,0.000518561213155411
9,M3 - M1,M3,M1,0.0313871635610761,-0.00598412900957648
10,M3 - M1,M3,M1,-0.0569358178053839,0.0132786955048197
11,M3 - M1,M3,M1,-0.00587991718426528,0.00325501693584465
12,M3 - M1,M3,M1,-0.00935817805382966,0.0101432208680563
13,M3 - M1,M3,M1,0.0337888198757763,-0.0111993966465352
14,M3 - M1,M3,M1,-0.0242650103519678,0.00339925532004437
15,M3 - M1,M3,M1,0.0173498964803328,-0.00226423002828174
16,M3 - M1,M3,M1,0.0240165631469975,-0.00482171770693351
17,M3 - M1,M3,M1,-0.00886128364389294,0.00336579022007624
18,M3 - M1,M3,M1,-0.0196273291925467,0.0060192968571143
19,M3 - M1,M3,M1,0.014989648033126,-0.00468057636478433
20,M3 - M1,M3,M1,0.00207039337474069,-0.00213481484400141
