Repeat,Model,AUC,Brier
1,M0,0.683892339544513,0.19856547681909
1,M1,0.711635610766046,0.191524880070781
1,M2,0.732173913043478,0.187723724761251
1,M3,0.734244306418219,0.187123483917332
2,M0,0.677888198757764,0.199016143615208
2,M1,0.709068322981367,0.191350812045433
2,M2,0.740289855072464,0.186506649129628
2,M3,0.733084886128364,0.187352394342935
3,M0,0.666790890269151,0.203915948951296
3,M1,0.702443064182194,0.193933431370493
3,M2,0.727370600414079,0.190396613907729
3,M3,0.726625258799173,0.190517330957764
4,M0,0.685714285714286,0.196884909533563
4,M1,0.694658385093168,0.193032060974404
4,M2,0.722153209109731,0.190358656915359
4,M3,0.723312629399586,0.189910475860365
5,M0,0.685672877846791,0.197140056683755
5,M1,0.74616977225673,0.181117859120358
5,M2,0.724389233954451,0.18678801446885
5,M3,0.729523809523809,0.185557486755022
6,M0,0.681697722567288,0.198427149678098
6,M1,0.736977225672878,0.183533412329685
6,M2,0.718260869565218,0.188939429807557
6,M3,0.713954451345756,0.190313730443942
7,M0,0.678674948240166,0.196937446433324
7,M1,0.749730848861284,0.179751148343339
7,M2,0.73192546583851,0.189351030111576
7,M3,0.73184265010352,0.189394763440966
8,M0,0.68575569358178,0.196171409208826
8,M1,0.721490683229813,0.187520236970002
8,M2,0.721987577639751,0.188349218243507
8,M3,0.720662525879918,0.188038798183157
9,M0,0.679917184265011,0.198445981634176
9,M1,0.721656314699793,0.189822190922724
9,M2,0.744679089026915,0.185727053573015
9,M3,0.75304347826087,0.183838061913148
10,M0,0.682939958592132,0.197242292508118
10,M1,0.737888198757765,0.187662726113596
10,M2,0.684016563146998,0.200482098472622
10,M3,0.680952380952381,0.200941421618416
11,M0,0.679296066252588,0.197777047684252
11,M1,0.737722567287785,0.18442761880964
11,M2,0.728115942028985,0.188832251972683
11,M3,0.73184265010352,0.187682635745484
12,M0,0.684844720496894,0.196861293298273
12,M1,0.750890269151138,0.17917021161266
12,M2,0.746915113871636,0.183564958761379
12,M3,0.741532091097309,0.189313432480716
13,M0,0.683643892339544,0.196274822649824
13,M1,0.703768115942029,0.196413676652748
13,M2,0.737639751552795,0.185386168329537
13,M3,0.737556935817806,0.185214280006213
14,M0,0.676521739130435,0.198837212495113
14,M1,0.731014492753624,0.186922134370885
14,M2,0.713788819875777,0.188441631888951
14,M3,0.706749482401656,0.190321389690929
15,M0,0.678260869565217,0.19889483389616
15,M1,0.710600414078674,0.192422642517025
15,M2,0.719751552795032,0.192541219147162
15,M3,0.727950310559007,0.190158412488743
16,M0,0.683809523809524,0.1975618391868
16,M1,0.704347826086957,0.193043242662641
16,M2,0.732670807453416,0.187463393839009
16,M3,0.728364389233954,0.188221524955707
17,M0,0.680828157349897,0.196650524062746
17,M1,0.750393374741202,0.17963956156481
17,M2,0.741697722567287,0.18345802994498
17,M3,0.741532091097309,0.183005351784886
18,M0,0.691304347826087,0.196819218630209
18,M1,0.747329192546584,0.180667869818401
18,M2,0.727370600414078,0.186864678734167
18,M3,0.727701863354037,0.186687166675515
19,M0,0.680207039337475,0.197017144189415
19,M1,0.732753623188406,0.188490724004589
19,M2,0.749648033126293,0.183189714564284
19,M3,0.747743271221532,0.183810147639804
20,M0,0.681697722567288,0.197723272178669
20,M1,0.735238095238095,0.186521077032185
20,M2,0.744844720496895,0.183164257200941
20,M3,0.737308488612836,0.184386262188183
