"Pathway","Full_GO_term","Included_in_main","Display_order","Short_label","Block","Selection_reason","Trajectory_direction","overall_trajectory_NumDF","overall_trajectory_DenDF","overall_trajectory_F","overall_trajectory_P","overall_trajectory_FDR","D1_to_D4_beta","D1_to_D4_SE","D1_to_D4_df","D1_to_D4_lower95","D1_to_D4_upper95","D1_to_D4_P","D1_to_D4_FDR","D1_to_D7_beta","D1_to_D7_SE","D1_to_D7_df","D1_to_D7_lower95","D1_to_D7_upper95","D1_to_D7_P","D1_to_D7_FDR","Trajectory_FDR_star","D1_estimate","D4_estimate","D7_estimate","D1_SE","D4_SE","D7_SE","D1_lower.CL","D4_lower.CL","D7_lower.CL","D1_upper.CL","D4_upper.CL","D7_upper.CL","D1_p.value","D4_p.value","D7_p.value","D1_p_adj_BH","D4_p_adj_BH","D7_p_adj_BH","D1_FDR_star","D4_FDR_star","D7_FDR_star","Block_ID"
"GOBP_MYD88_DEPENDENT_TOLL_LIKE_RECEPTOR_SIGNALING_PATHWAY","MYD88 DEPENDENT TOLL LIKE RECEPTOR SIGNALING PATHWAY",TRUE,1,"MyD88–TLR signaling","Innate sensing / inflammatory","Requested core term","Trajectory-up",2,538.825677542816,10.5934814276338,3.07225472443966e-05,0.0200179339973847,0.516021047761017,0.13073617205361,537.179125934153,0.259204225730725,0.772837869791308,8.96409151485962e-05,0.0413665331132692,0.566919452868082,0.15447609253496,569.344877964885,0.263506877186417,0.870332028549746,0.000265402118881676,0.0704417940764879,"*",-0.147642025325649,0.368379022435367,0.419277427542432,0.107461830990589,0.126665292722067,0.150176392946474,-0.35863954242479,0.119742817895976,0.124512881951197,0.0633554917734915,0.617015226974759,0.714041973133667,0.169925591929184,0.00373491460438044,0.00535879337170357,0.497777440500007,0.0471488548760203,0.102265508654142,"","*","",1
"GOBP_DETECTION_OF_MOLECULE_OF_BACTERIAL_ORIGIN","DETECTION OF MOLECULE OF BACTERIAL ORIGIN",TRUE,2,"Bacterial sensing","Innate sensing / inflammatory","Requested core term","Trajectory-up",2,541.205223573783,9.55529445895957,8.35170886845786e-05,0.0297139890698395,0.50885329046687,0.132190002313668,538.486133596314,0.249182002101502,0.768524578832237,0.000132619039470014,0.043205388501624,0.522938962139097,0.15600072425114,573.992120180123,0.21653708188645,0.829340842391744,0.000854613407451917,0.102623042615427,"*",-0.207420276624507,0.301433013842363,0.31551868551459,0.106120415520711,0.125698451478821,0.149697134186146,-0.415777191837809,0.0546971254052472,0.0216947479278446,0.000936638588794475,0.548168902279478,0.609342623101335,0.0510359311140169,0.0167090065239796,0.0353512340243106,0.282665303215276,0.111199321320299,0.227329876554054,"","","",1
"GOBP_REGULATION_OF_NUCLEOTIDE_BINDING_DOMAIN_LEUCINE_RICH_REPEAT_CONTAINING_RECEPTOR_SIGNALING_PATHWAY","REGULATION OF NUCLEOTIDE BINDING DOMAIN LEUCINE RICH REPEAT CONTAINING RECEPTOR SIGNALING PATHWAY",TRUE,3,"NLR signaling","Innate sensing / inflammatory","Requested core term","Trajectory-up",2,545.901567327579,8.5876541375477,0.000212763595057818,0.0458936671608392,0.425962407546536,0.132333365536422,543.143130292514,0.166014520128766,0.685910294964307,0.00136385785632524,0.0740541477447903,0.565000722685038,0.156159917477682,578.545617246765,0.258291270835302,0.871710174534774,0.00032275097375864,0.0704417940764879,"*",-0.0325143246181709,0.393448082928366,0.532486398066867,0.106113575895104,0.125720108014297,0.149755324307433,-0.240855954703542,0.146670182718936,0.238548242607958,0.1758273054672,0.640225983137795,0.826424553525777,0.75938381252796,0.00181384924399099,0.000398011387535581,0.906496682857165,0.0342628596140696,0.0312987920439618,"","*","*",1
"GOBP_POSITIVE_REGULATION_OF_MACROPHAGE_ACTIVATION","POSITIVE REGULATION OF MACROPHAGE ACTIVATION",TRUE,4,"Macrophage activation","Innate sensing / inflammatory","Requested core term; display label shortened; full term retains positive regulation","Trajectory-up",2,529.152671722673,9.74760688315853,6.9628500248123e-05,0.0288705081483354,0.453466526119444,0.124379015396691,528.436513188138,0.209128510599628,0.697804541639261,0.000292883238493868,0.0563653150502496,0.541050247948322,0.147140859047529,557.756365256269,0.252032301133341,0.830068194763302,0.000258731181410969,0.0704417940764879,"*",-0.0193994234985272,0.434067102620917,0.521650824449794,0.104907307560477,0.122989823890567,0.145107006372872,-0.225391217405475,0.192641983120555,0.23683640470759,0.18659237040842,0.675492222121279,0.806465244191999,0.853348784106896,0.000440743038853492,0.00034336003827575,0.952318033841828,0.016261133638006,0.0295483987655791,"","*","*",1
"GOBP_NEGATIVE_REGULATION_OF_COMPLEMENT_ACTIVATION","NEGATIVE REGULATION OF COMPLEMENT ACTIVATION",TRUE,5,"Complement regulation","Innate sensing / inflammatory","Requested core term; display label shortened; full term retains negative regulation","Trajectory-up",2,528.110315827379,10.8974379686496,2.30332173937297e-05,0.0188135300674998,0.508443277267512,0.128769120525146,526.439013684884,0.255478857839794,0.761407696695231,8.9339590732943e-05,0.0413665331132692,0.57579926015641,0.152151671218829,559.148509865189,0.276940562331308,0.874657957981512,0.000170731912407611,0.0704417940764879,"*",-0.0915762735041223,0.41686700376339,0.484222986652287,0.105842432330054,0.124757128878105,0.14791471407771,-0.299398193858616,0.171975353959273,0.193897638441948,0.116245646850371,0.661758653567508,0.774548334862627,0.387230737617728,0.000872331023541002,0.00110497890621948,0.701379130613287,0.023304683904036,0.0566270650704164,"","*","",1
"GOBP_NEGATIVE_REGULATION_OF_NITRIC_OXIDE_METABOLIC_PROCESS","NEGATIVE REGULATION OF NITRIC OXIDE METABOLIC PROCESS",TRUE,6,"NO metabolic regulation","Innate sensing / inflammatory","Requested core term; display label shortened; full term retains negative regulation","Trajectory-up",2,544.596302050059,8.25004579765443,0.000295295233998947,0.0472782197844713,0.448323299118449,0.132555191000925,541.240105508749,0.187937626194724,0.708708972042173,0.000771161127457298,0.0670009574550442,0.52227926267172,0.156322668787038,578.520652143668,0.21525012762166,0.829308397721781,0.000888478856676425,0.102623042615427,"*",0.127656091581066,0.575979390699515,0.649935354252787,0.105127389570595,0.124833633664014,0.149007452262959,-0.0787469072916644,0.330942427446012,0.357465060924504,0.334059090453797,0.821016353953018,0.942405647581069,0.225043285409992,4.59330124323464e-06,1.45033817018798e-05,0.562731592519174,0.00238553031896221,0.00720423620757355,"","**","**",1
"GOBP_PHAGOSOME_LYSOSOME_FUSION","PHAGOSOME LYSOSOME FUSION",TRUE,7,"Phagosome–lysosome fusion","Phagolysosomal","Requested core term","Trajectory-up",2,541.187715847556,8.19752340389649,0.000310972723861903,0.0472782197844713,0.442972214892488,0.132624842014188,537.623419350484,0.182445794746255,0.70349863503872,0.000895790471280794,0.0686828268242797,0.525593389457556,0.156373903884428,575.689757646312,0.2184604587511,0.832726320164011,0.000827686653204725,0.102623042615427,"*",-0.0682327557254019,0.374739459167086,0.457360633732154,0.104834888794611,0.124570531144663,0.148785667984647,-0.274061674362874,0.130218967251878,0.165325636433881,0.137596162912071,0.619259951082294,0.749395631030427,0.515351193898831,0.00270920564140396,0.00218063302389516,0.778936168902066,0.0417455639542008,0.0717747712406728,"","*","",2
"GOBP_RIBOSOMAL_LARGE_SUBUNIT_ASSEMBLY","RIBOSOMAL LARGE SUBUNIT ASSEMBLY",TRUE,8,"Ribosomal assembly","Ribosomal / translational","Requested core term","Trajectory-down",2,557.801712381725,8.24923669329278,0.000294687950503435,0.0472782197844713,-0.524965975621784,0.141515408948907,549.921167038087,-0.802942878047436,-0.246989073196133,0.000228673046027939,0.0521488881466715,-0.480138930111036,0.166168610568002,598.802421645274,-0.806483041173922,-0.153794819048151,0.00399861181734598,0.163530772247372,"*",0.00176749575345122,-0.523198479868333,-0.478371434357585,0.105537004103051,0.126851970330678,0.153130135525162,-0.205419846070716,-0.772191546331599,-0.778933955983613,0.208954837577618,-0.274205413405067,-0.177808912731558,0.986642452106202,4.09483854701881e-05,0.00184561338815712,0.997528144522157,0.00519896464893381,0.067342741307077,"","**","",3
"GOBP_AMINOACYL_TRNA_METABOLISM_INVOLVED_IN_TRANSLATIONAL_FIDELITY","AMINOACYL TRNA METABOLISM INVOLVED IN TRANSLATIONAL FIDELITY",TRUE,9,"Aminoacyl-tRNA metabolism","Ribosomal / translational","Requested core term","Trajectory-down",2,554.792978119356,8.28116473563004,0.000285873396000358,0.0472782197844713,-0.527688634341082,0.140799507850801,547.794997730779,-0.804261669132194,-0.25111559954997,0.000197330452696174,0.0521488881466715,-0.470436474528605,0.165459334099682,594.595971422969,-0.795392269573993,-0.145480679483217,0.00461953893490506,0.168352432626465,"*",0.104238466922094,-0.423450167418988,-0.366198007606511,0.106035661962053,0.127214735733903,0.153301328972827,-0.103931182044259,-0.673156155974458,-0.667096522907141,0.312408115888447,-0.173744178863518,-0.0652994923058808,0.325906531974584,0.000911800281094471,0.0171257521056997,0.657143984233456,0.023304683904036,0.168530450265094,"","*","",3
