"Module1_PRR_TLR_TNF_NFkB","Module2_Phagolysosome_Autophagy","Module3_IFN_I_Response","Module4_Ribosome_Biogenesis"
"TBK1","TBK1","TBK1","SURF6"
"NUMBL","NUPR1","HDAC4","RPP25"
"IL18R1","MTMR3","NLRC5","KRI1"
"IRAK4","EPG5","SP100","UTP25"
"EPG5","RB1CC1","TANK","EXOSC1"
"CREBRF","PIK3CA","AZI2","SDAD1"
"DICER1","RAB1A","PTPN2","DDX28"
"IRAK3","ADCY10","YTHDF3","GRWD1"
"MAPK14","PSEN1","TBKBP1","DDX51"
"IL1R1","NIPSNAP3B","IFITM1","MYBBP1A"
"MAPKAPK2","SH3GLB1","GIGYF2","RRP1B"
"IL18RAP","SPG11","IFNAR1","TRMT2B"
"TREM2","CTSK","TRIM41","UTP20"
"NFKBIA","ATP6V1C1","TRIM6","DIMT1"
"ADAM17","ZDHHC19","IRF7","MDN1"
"NRDC","ATP6V0E1","IFNK","RRP7A"
"PTK2B","SEC22B","ADAR","URB1"
"TNFAIP3","ATG7","RBM47","RBFA"
"HDAC4","PAFAH1B2","IRAK1","ZNHIT6"
"SOCS5","TBC1D5","IFNAR2","BMS1"
"ACSL1","SPTLC2","IFIT1","MRM1"
"NFKB1","RAB7A","TRIM56","NOM1"
"IL6ST","CHMP5","IFIH1","DROSHA"
"SPPL2A","RALB","OAS1","RRS1"
"CHUK","LGALS8","IFI27","NOL9"
"NLRC5","TBC1D14","OAS2","ZNF658"
"IL1RL1","FZD5","PTPN11","RRP9"
"STAT5A","UBXN2B",,"HEATR1"
"NAIP","NSFL1C",,"RPP30"
"IL1R2","VTI1A",,"NAT10"
"IL4R","TRAF6",,"RIOK2"
"SP100","ATG2B",,"DHX37"
"TANK","HTRA2",,"NOP14"
"IRAK2","CHMP4A",,"UTP15"
"ARG1","VIPAS39",,"MRM3"
"NLRP6","LYPLA1",,"NOP53"
"PTPRC","CHMP2B",,"MRTO4"
"SRSF1","ARHGAP26",,"EXOSC7"
"IL10","SPTLC1",,"SNU13"
"AIM2","ERN1",,"NAF1"
"TIFA","SNAP29",,"NLE1"
"STAT5B","ATG12",,"NOC2L"
"IL1RL2","PIP4K2C",,"FBL"
"AZI2","TP53INP1",,"TSR1"
"PTPN2","VPS13D",,"DHX30"
"JAK3","STX12",,"EBNA1BP2"
"APPL2","UVRAG",,"USP36"
"EXT1","SNX6",,"DDX27"
"FAS","UBQLN2",,"C1QBP"
"OSMR","VMP1",,"GAR1"
"CARD16","UBE2A",,"IMP4"
"IL13RA1","LAMP2",,"RPP40"
"PIAS3","RAB33B",,"RPS4X"
"JAK2","VPS4B",,"NOLC1"
"PRL","TRIM13",,"METTL16"
"IL1RN","SPATA33",,"MAK16"
"LYN","OGT",,"GEMIN4"
"BBS4","EXOC1",,"RPSA"
"TBKBP1","EXOC8",,"RPS5"
"TRAF6","ATG16L2",,"DDX54"
"IFITM1","LIX1",,"RPL7A"
"PARP9","ATP6V1A",,"PES1"
"GIGYF2","ARL8B",,"REXO4"
"UGCG","ATP6V1B2",,"RPS8"
"CASP1","CDK5RAP3",,"RCC1L"
"CD44","GAA",,"RRP1"
"IL1B","TMEM165",,"RPUSD2"
"IFNGR2","ABCA1",,"NOP58"
"ADAM10","CLN5",,"NOP56"
"IFNAR1","CLVS1",,"EXOSC10"
"OTULIN","FNIP1",,"NSA2"
"SMAD4","HOOK2",,"WDR46"
"CASP4","EXT1",,"PELP1"
"PPARG","TMEM175",,"LAS1L"
"TRIM6","RAB14",,"DCAF13"
"IRF7","TFEB",,"NPM1"
"IL17RA","TASL",,"BOP1"
"RFFL","PPT1",,"NOL6"
"NR2C2","MREG",,"IMP3"
"MAPK1",,,"MTERF4"
"IFNK",,,"WBP11"
"IKBKB",,,"RPLP0"
"XIAP",,,"DDX56"
"IL15",,,"RPL35"
"TXNDC17",,,"NOB1"
"NSMAF",,,"RPS21"
"ADAR",,,"SRFBP1"
"AGPAT2",,,"DDX18"
"FLT3",,,"NVL"
"CARD8",,,"MTG1"
"CNTF",,,"RIOK1"
"CBL",,,"SUV39H1"
"PTPRJ",,,"ZCCHC4"
"IRAK1",,,"RPL11"
"USP25",,,"GNL2"
"TRAF3IP2",,,"UTP4"
"CCR3",,,"RPL14"
"IFNAR2",,,"NOC4L"
"REL",,,"PIH1D1"
"CLEC4D",,,"EFL1"
"TLR2",,,"LSG1"
"CFLAR",,,"RPS6"
"TLR4",,,"RPS27"
"TRIM25",,,"RPS24"
"MIER1",,,"NSUN4"
"VAPA",,,"SLX9"
"AKAP13",,,"PWP1"
"SHISA5",,,"MRPS7"
"TLR8",,,"MTREX"
"ZDHHC17",,,"EXOSC9"
"PRKCE",,,"NOP16"
"FLOT1",,,"NHP2"
"PPM1B",,,"RPS25"
"TRIM22",,,"RPL26"
"ALPK1",,,"RPL27"
"CLEC6A",,,"NMD3"
"LAMTOR5",,,"TSR2"
"FLOT2",,,"NOL10"
"C18orf32",,,"PNO1"
"TRIM5",,,"ERAL1"
"TRIM13",,,"EIF1AX"
"ESR1",,,"NUP88"
"TLR6",,,"PAK1IP1"
"EDNRB",,,"RPS15"
"SLC39A8",,,"FTSJ3"
"UNC5CL",,,"DIS3L"
"SPHK1",,,"TP53"
"F2RL1",,,"SMARCA4"
"LATS2",,,"BRF1"
"PIK3AP1",,,"SMARCB1"
"USP15",,,"MTOR"
"SLC15A4",,,"DDX11"
"GBP2",,,"UTP6"
"DDX3X",,,"RRP36"
"RNF135",,,"WDR43"
"NEK7",,,"RPS14"
"MARCHF5",,,"PRKDC"
"IFI16",,,
"CGAS",,,
"MAP2K6",,,
"RTN4",,,
"USP50",,,
"PUM2",,,
"ERBIN",,,
"LAMP2",,,
"EIF2AK2",,,
"OGT",,,
"TASL",,,
"DDX60",,,
"PPT1",,,
"GPATCH3",,,
"RSAD2",,,
"ZDHHC9",,,
"UNC93B1",,,
"OAS1",,,
